id,이름,출처,평점,부하,크기,기본값,등급,형태,반경/폭,배율,피해,단수,준비s,판정s,비행속도(거리/s),발사보정s,사거리,선행s,쿨s,원본타격s,원본반경,상태이상,설치역할,주기s,지속s,실드,가속s,승인
FX-06,플랑크톤 해류,FX,4,M,중,,기술,zone,8,0.5,20,1,0.2,0.5,,,50,0,9,0.5,16,,,,5,,,
FX-06,플랑크톤 해류,FX,4,M,대,,기술,zone,11,0.69,20,1,0.2,0.5,,,50,0,9,0.5,16,,,,5,,,
FX-06,플랑크톤 해류,FX,4,M,특대,Y,궁극,zone,15,0.94,45,1,0.6,0.5,,,50,0,게이지,0.5,16,,,,5,,,
FX-13,발광 포자,FX,4,M,소,,기술,zone,5,0.56,20,1,0.2,0.5,,,50,0.7,9,1.2,9,,,,5,,,
FX-13,발광 포자,FX,4,M,중,Y,기술,zone,8,0.89,20,1,0.2,0.5,,,50,0.7,9,1.2,9,,,,5,,,
FX-13,발광 포자,FX,4,M,대,,기술,zone,11,1.22,20,1,0.2,0.5,,,50,0.7,9,1.2,9,,,,5,,,
FX-18,마나 토네이도,FX,3,M,소,,기술,zone,5,0.56,20,1,0.2,0.2,,,50,0,9,0.2,9,knock:10,,,5,,,
FX-18,마나 토네이도,FX,3,M,중,Y,기술,zone,8,0.89,20,1,0.2,0.2,,,50,0,9,0.2,9,knock:10,,,5,,,
FX-18,마나 토네이도,FX,3,M,대,,기술,zone,11,1.22,20,1,0.2,0.2,,,50,0,9,0.2,9,knock:10,,,5,,,
FX-29,무지개 비눗방울,FX,3,L,소,,기본,circle,5,0.63,40,1,0.12,0.6,,,50,0.25,1.4,0.85,8,,,,,,,
FX-29,무지개 비눗방울,FX,3,L,중,Y,기술,circle,8,1,75,1,0.2,0.85,,,50,0,6,0.85,8,,,,,,,
FX-29,무지개 비눗방울,FX,3,L,대,,기술,circle,11,1.38,83,1,0.2,0.85,,,50,0,8,0.85,8,,,,,,,
FX-30,액체 지형 · 조석 분지,FX,3,H,중,,기술,zone,8,0.36,20,1,0.2,0.4,,,50,0,9,0.4,22,slow:2,,,5,,,
FX-30,액체 지형 · 조석 분지,FX,3,H,대,Y,기술,zone,11,0.5,20,1,0.2,0.4,,,50,0,9,0.4,22,slow:2,,,5,,,
FX-30,액체 지형 · 조석 분지,FX,3,H,특대,,궁극,zone,15,0.68,45,1,0.6,0.4,,,50,0,게이지,0.4,22,slow:2,,,5,,,
FX-12,솔라 스트라이크 · 항성 단두대,FX,3,M,소,,기술,circle,5,0.5,68,1,0.2,1,,,50,0.8,6,1.8,10,burn:3,,,,,,
FX-12,솔라 스트라이크 · 항성 단두대,FX,3,M,중,,기술,circle,8,0.8,75,1,0.2,1,,,50,0.8,6,1.8,10,burn:3,,,,,,
FX-12,솔라 스트라이크 · 항성 단두대,FX,3,M,대,Y,기술,circle,11,1.1,83,1,0.2,1,,,50,0.8,8,1.8,10,burn:3,,,,,,
FX-12,솔라 스트라이크 · 항성 단두대,FX,3,M,특대,,궁극,circle,15,1.5,245,1,0.6,1.8,,,50,0,게이지,1.8,10,burn:3,,,,,,
FX-25,CMYK 파쇄,FX,3,H,소,,기술,circle,5,0.56,68,1,0.2,1.4,,,50,2.05,6,3.45,9,,,,,,,
FX-25,CMYK 파쇄,FX,3,H,중,Y,기술,circle,8,0.89,75,1,0.2,1.4,,,50,2.05,6,3.45,9,,,,,,,
FX-25,CMYK 파쇄,FX,3,H,대,,기술,circle,11,1.22,83,1,0.2,1.4,,,50,2.05,8,3.45,9,,,,,,,
FX-10,데이터 코어 · 숫자 수렴형,FX,4,L,소,,기본,circle,5,0.42,40,1,0.12,0.65,,,50,0.9,1.4,1.55,12,,,,,,,
FX-10,데이터 코어 · 숫자 수렴형,FX,4,L,중,,기술,circle,8,0.67,75,1,0.2,1,,,50,0.55,6,1.55,12,,,,,,,
FX-10,데이터 코어 · 숫자 수렴형,FX,4,L,대,Y,기술,circle,11,0.92,83,1,0.2,1,,,50,0.55,8,1.55,12,,,,,,,
FX-10,데이터 코어 · 숫자 수렴형,FX,4,L,특대,,궁극,circle,15,1.25,245,1,0.6,1.55,,,50,0,게이지,1.55,12,,,,,,,
FX-17,육각 파동 지형,FX,4,H,중,,기술,zone,8,0.5,20,1,0.2,0.2,,,50,0,9,0.2,16,knock:10,,,5,,,
FX-17,육각 파동 지형,FX,4,H,대,,기술,zone,11,0.69,20,1,0.2,0.2,,,50,0,9,0.2,16,knock:10,,,5,,,
FX-17,육각 파동 지형,FX,4,H,특대,Y,궁극,zone,15,0.94,45,1,0.6,0.2,,,50,0,게이지,0.2,16,knock:10,,,5,,,
FX-08,여섯 봉인 · 나선 압박,FX,4,L,소,,기술,circle,5,0.56,68,1,0.2,1.6,,,50,2.8,6,4.4,9,,,,,,,
FX-08,여섯 봉인 · 나선 압박,FX,4,L,중,Y,기술,circle,8,0.89,75,1,0.2,1.6,,,50,2.8,6,4.4,9,,,,,,,
FX-08,여섯 봉인 · 나선 압박,FX,4,L,대,,기술,circle,11,1.22,83,1,0.2,1.6,,,50,2.8,8,4.4,9,,,,,,,
FX-09,크로마 보이드,FX,3,L,소,,기술,zone,5,0.5,20,1,0.2,0.2,,,50,0,9,0.2,10,,,,5,,,
FX-09,크로마 보이드,FX,3,L,중,,기술,zone,8,0.8,20,1,0.2,0.2,,,50,0,9,0.2,10,,,,5,,,
FX-09,크로마 보이드,FX,3,L,대,Y,기술,zone,11,1.1,20,1,0.2,0.2,,,50,0,9,0.2,10,,,,5,,,
FX-09,크로마 보이드,FX,3,L,특대,,궁극,zone,15,1.5,45,1,0.6,0.2,,,50,0,게이지,0.2,10,,,,5,,,
SC-01,절대영점 붕괴,FX,3,L,중,,기술,circle,8,0.44,75,1,0.2,1,,,50,0.6,6,1.6,18,slow:3,,,,,,
SC-01,절대영점 붕괴,FX,3,L,대,Y,기술,circle,11,0.61,83,1,0.2,1,,,50,0.6,8,1.6,18,slow:3,,,,,,
SC-01,절대영점 붕괴,FX,3,L,특대,,궁극,circle,15,0.83,245,1,0.6,1.6,,,50,0,게이지,1.6,18,slow:3,,,,,,
SC-04,천벌 운석군,FX,3,L,소,,기본,circle,5,0.42,40,1,0.12,0.7,,,50,0.95,1.4,1.65,12,,,,,,,
SC-04,천벌 운석군,FX,3,L,중,,기술,circle,8,0.67,75,1,0.2,1.05,,,50,0.6,6,1.65,12,,,,,,,
SC-04,천벌 운석군,FX,3,L,대,Y,기술,circle,11,0.92,83,1,0.2,1.05,,,50,0.6,8,1.65,12,,,,,,,
SC-04,천벌 운석군,FX,3,L,특대,,궁극,circle,15,1.25,245,1,0.6,1.65,,,50,0,게이지,1.65,12,,,,,,,
AS-02,빙정 관통,FX,3,L,소,Y,기본,circle,5,1,40,1,0.12,0.2,,,50,0,1.4,0.2,5,slow:3,,,,,,
AS-02,빙정 관통,FX,3,L,중,,기술,circle,8,1.6,75,1,0.2,0.2,,,50,0,6,0.2,5,slow:3,,,,,,
AS-10,공명 결정군,FX,3,L,소,,기본,circle,5,0.5,40,1,0.12,0.6,,,50,0.9,1.4,1.5,10,,,,,,,
AS-10,공명 결정군,FX,3,L,중,,기술,circle,8,0.8,75,1,0.2,1,,,50,0.5,6,1.5,10,,,,,,,
AS-10,공명 결정군,FX,3,L,대,Y,기술,circle,11,1.1,83,1,0.2,1,,,50,0.5,8,1.5,10,,,,,,,
AS-10,공명 결정군,FX,3,L,특대,,궁극,circle,15,1.5,245,1,0.6,1.5,,,50,0,게이지,1.5,10,,,,,,,
ARC-04,심연 조수 보호막,FX,3,H,중,Y,방어,shield,,0.41,,1,0.1,0.4,,,,0,10,0.4,17,,,,3.3,120,,
ARC-09,삼위 공명 · 프리즘 합창,FX,3,L,소,,기술,radial,5,0.36,68,1,0.2,1.9,,,,1.4,6,3.3,14,,,,,,,
ARC-09,삼위 공명 · 프리즘 합창,FX,3,L,중,,기술,radial,8,0.57,75,1,0.2,1.9,,,,1.4,6,3.3,14,,,,,,,
ARC-09,삼위 공명 · 프리즘 합창,FX,3,L,대,Y,기술,radial,11,0.79,83,1,0.2,1.9,,,,1.4,8,3.3,14,,,,,,,
ARC-09,삼위 공명 · 프리즘 합창,FX,3,L,특대,,궁극,radial,15,1.07,245,1,0.6,2.05,,,,1.25,게이지,3.3,14,,,,,,,
FX-14,신성기하 결계,FX,4,L,소,,기술,zone,5,0.42,20,1,0.2,0.2,,,50,0,9,0.2,12,,,,5,,,
FX-14,신성기하 결계,FX,4,L,중,,기술,zone,8,0.67,20,1,0.2,0.2,,,50,0,9,0.2,12,,,,5,,,
FX-14,신성기하 결계,FX,4,L,대,Y,기술,zone,11,0.92,20,1,0.2,0.2,,,50,0,9,0.2,12,,,,5,,,
FX-14,신성기하 결계,FX,4,L,특대,,궁극,zone,15,1.25,45,1,0.6,0.2,,,50,0,게이지,0.2,12,,,,5,,,
FX-21,보이드 티어 · 접힌 밤의 경계,FX,3,L,소,,기술,zone,5,0.63,20,1,0.2,0.5,,,50,0.5,9,1,8,,,,4.2,,,
FX-21,보이드 티어 · 접힌 밤의 경계,FX,3,L,중,Y,기술,zone,8,1,20,1,0.2,0.5,,,50,0.5,9,1,8,,,,4.2,,,
FX-21,보이드 티어 · 접힌 밤의 경계,FX,3,L,대,,기술,zone,11,1.38,20,1,0.2,0.5,,,50,0.5,9,1,8,,,,4.2,,,
FX-22,블랙홀 · 기울어진 강착관,FX,3,M,대,Y,기술,zone,11,0.39,20,1,0.2,0.55,,,50,0.05,9,0.6,28,knock:12,,,5,,,
FX-22,블랙홀 · 기울어진 강착관,FX,3,M,특대,,궁극,zone,15,0.54,45,1,0.6,0.6,,,50,0,게이지,0.6,28,knock:12,,,5,,,
FX-34,자수정 낙뢰 · 수정맥의 역류,FX,3,L,중,,기술,circle,8,0.5,75,2,0.2,1.05,,,50,0.35,6,1.4,16,expose:3,,,,,,
FX-34,자수정 낙뢰 · 수정맥의 역류,FX,3,L,대,Y,기술,circle,11,0.69,83,2,0.2,1.05,,,50,0.35,8,1.4,16,expose:3,,,,,,
FX-34,자수정 낙뢰 · 수정맥의 역류,FX,3,L,특대,,궁극,circle,15,0.94,245,2,0.6,1.4,,,50,0,게이지,1.4,16,expose:3,,,,,,
ARC-02,크림슨 이중나선,FX,3,M,소,,기술,radial,5,0.71,68,1,0.2,1,,,,0.85,6,1.85,7,,,,,,,
ARC-02,크림슨 이중나선,FX,3,M,중,Y,기술,radial,8,1.14,75,1,0.2,1,,,,0.85,6,1.85,7,,,,,,,
ARC-02,크림슨 이중나선,FX,3,M,대,,기술,radial,11,1.57,83,1,0.2,1,,,,0.85,8,1.85,7,,,,,,,
ARC-07,화염-서리 융합 · 극광의 충돌,FX,4,M,소,,기술,circle,5,0.71,68,1,0.2,1,,,50,0.9,6,1.9,7,burn:3,,,,,,
ARC-07,화염-서리 융합 · 극광의 충돌,FX,4,M,중,Y,기술,circle,8,1.14,75,1,0.2,1,,,50,0.9,6,1.9,7,burn:3,,,,,,
ARC-07,화염-서리 융합 · 극광의 충돌,FX,4,M,대,,기술,circle,11,1.57,83,1,0.2,1,,,50,0.9,8,1.9,7,burn:3,,,,,,
ARC-08,블러드플레임 · 적월 절단,FX,3,L,소,,기본,circle,5,0.71,40,1,0.12,0.6,,,50,0.2,1.4,0.8,7,burn:3,,,,,,
ARC-08,블러드플레임 · 적월 절단,FX,3,L,중,Y,기술,circle,8,1.14,75,1,0.2,0.8,,,50,0,6,0.8,7,burn:3,,,,,,
ARC-08,블러드플레임 · 적월 절단,FX,3,L,대,,기술,circle,11,1.57,83,1,0.2,0.8,,,50,0,8,0.8,7,burn:3,,,,,,
MC-01,디바인 네뷸라,FX,4,H,소,,기술,radial,5,0.36,68,1,0.2,1.65,,,,0.25,6,1.9,14,,,,,,,
MC-01,디바인 네뷸라,FX,4,H,중,,기술,radial,8,0.57,75,1,0.2,1.65,,,,0.25,6,1.9,14,,,,,,,
MC-01,디바인 네뷸라,FX,4,H,대,,기술,radial,11,0.79,83,1,0.2,1.65,,,,0.25,8,1.9,14,,,,,,,
MC-01,디바인 네뷸라,FX,4,H,특대,Y,궁극,radial,15,1.07,245,1,0.6,1.9,,,,0,게이지,1.9,14,,,,,,,
MC-02,에너지 실드,FX,3,H,중,Y,방어,shield,,0.35,,1,0.1,0.55,,,,0.75,10,1.3,20,,,,3,120,,
MC-04,아케인 코덱스,FX,5,M,소,,기본,circle,5,0.71,40,1,0.12,0.6,,,50,0,1.4,0.6,7,,,,,,,
MC-04,아케인 코덱스,FX,5,M,중,Y,기술,circle,8,1.14,75,1,0.2,0.6,,,50,0,6,0.6,7,,,,,,,
MC-04,아케인 코덱스,FX,5,M,대,,기술,circle,11,1.57,83,1,0.2,0.6,,,50,0,8,0.6,7,,,,,,,
AC-01,퀀텀 프랙처 · 명계의 압축함,FX,4,L,소,Y,기술,circle,5,1,68,1,0.2,1,,,50,1.35,6,2.35,5,expose:3,,,,,,
AC-01,퀀텀 프랙처 · 명계의 압축함,FX,4,L,중,,기술,circle,8,1.6,75,1,0.2,1,,,50,1.35,6,2.35,5,expose:3,,,,,,
AC-02,이지스 래티스,FX,3,L,중,Y,방어,shield,,0.35,,1,0.1,0.5,,,,0.6,10,1.1,20,,,,4.6,120,,
AS-03,흑조의 와류 · 침강하는 해류,FX,4,M,대,,기술,zone,11,0.46,20,1,0.2,0.3,,,50,0,9,0.3,24,slow:2,,,5,,,
AS-03,흑조의 와류 · 침강하는 해류,FX,4,M,특대,Y,궁극,zone,15,0.63,45,1,0.6,0.3,,,50,0,게이지,0.3,24,slow:2,,,5,,,
AS-04,성운의 축복 · 내려앉는 빛,FX,4,H,중,,기술,radial,8,0.5,75,1,0.2,0.8,,,,0,6,0.8,16,burn:3,,,,,,
AS-04,성운의 축복 · 내려앉는 빛,FX,4,H,대,,기술,radial,11,0.69,83,1,0.2,0.8,,,,0,8,0.8,16,burn:3,,,,,,
AS-04,성운의 축복 · 내려앉는 빛,FX,4,H,특대,Y,궁극,radial,15,0.94,245,1,0.6,0.8,,,,0,게이지,0.8,16,burn:3,,,,,,
AS-06,파이어스톰 · 잿불 용승,FX,3,M,소,,기술,zone,5,0.38,20,1,0.2,0.55,,,50,0.15,9,0.7,13,burn:3,,,3.6,,,
AS-06,파이어스톰 · 잿불 용승,FX,3,M,중,,기술,zone,8,0.62,20,1,0.2,0.55,,,50,0.15,9,0.7,13,burn:3,,,3.6,,,
AS-06,파이어스톰 · 잿불 용승,FX,3,M,대,Y,기술,zone,11,0.85,20,1,0.2,0.55,,,50,0.15,9,0.7,13,burn:3,,,3.6,,,
AS-06,파이어스톰 · 잿불 용승,FX,3,M,특대,,궁극,zone,15,1.15,45,1,0.6,0.7,,,50,0,게이지,0.7,13,burn:3,,,3.6,,,
INT-01,양자 오버라이드,FX,3,L,소,,기술,zone,5,0.42,20,1,0.2,0.3,,,50,0,9,0.3,12,,,,5,,,
INT-01,양자 오버라이드,FX,3,L,중,,기술,zone,8,0.67,20,1,0.2,0.3,,,50,0,9,0.3,12,,,,5,,,
INT-01,양자 오버라이드,FX,3,L,대,Y,기술,zone,11,0.92,20,1,0.2,0.3,,,50,0,9,0.3,12,,,,5,,,
INT-01,양자 오버라이드,FX,3,L,특대,,궁극,zone,15,1.25,45,1,0.6,0.3,,,50,0,게이지,0.3,12,,,,5,,,
INT-02,애비설 레저넌스,FX,3,H,중,,기술,circle,8,0.5,75,1,0.2,0.7,,,50,0,6,0.7,16,,,,,,,
INT-02,애비설 레저넌스,FX,3,H,대,Y,기술,circle,11,0.69,83,1,0.2,0.7,,,50,0,8,0.7,16,,,,,,,
INT-02,애비설 레저넌스,FX,3,H,특대,,궁극,circle,15,0.94,245,1,0.6,0.7,,,50,0,게이지,0.7,16,,,,,,,
INT-03,슈퍼노바 · 외피 파열형,FX,3,M,소,Y,기본,circle,5,0.83,40,1,0.12,0.3,,,50,0,1.4,0.3,6,burn:3,,,,,,
INT-03,슈퍼노바 · 외피 파열형,FX,3,M,중,,기술,circle,8,1.33,75,1,0.2,0.3,,,50,0,6,0.3,6,burn:3,,,,,,
INT-04,에테리얼 팔랑크스,FX,3,M,소,,기술,zone,5,0.38,20,1,0.2,0.2,,,50,0,9,0.2,13,,,,5,,,
INT-04,에테리얼 팔랑크스,FX,3,M,중,,기술,zone,8,0.62,20,1,0.2,0.2,,,50,0,9,0.2,13,,,,5,,,
INT-04,에테리얼 팔랑크스,FX,3,M,대,Y,기술,zone,11,0.85,20,1,0.2,0.2,,,50,0,9,0.2,13,,,,5,,,
INT-04,에테리얼 팔랑크스,FX,3,M,특대,,궁극,zone,15,1.15,45,1,0.6,0.2,,,50,0,게이지,0.2,13,,,,5,,,
INT-05,비스커스 이클립스,FX,3,H,중,,기술,zone,8,0.44,20,1,0.2,0.55,,,50,0.05,9,0.6,18,knock:12,,,4,,,
INT-05,비스커스 이클립스,FX,3,H,대,Y,기술,zone,11,0.61,20,1,0.2,0.55,,,50,0.05,9,0.6,18,knock:12,,,4,,,
INT-05,비스커스 이클립스,FX,3,H,특대,,궁극,zone,15,0.83,45,1,0.6,0.6,,,50,0,게이지,0.6,18,knock:12,,,4,,,
INT-08,디컨스트럭션 · 큐브 격자형,FX,5,L,소,,기본,circle,5,0.5,40,1,0.12,0.6,,,50,0.4,1.4,1,10,,,,,,,
INT-08,디컨스트럭션 · 큐브 격자형,FX,5,L,중,,기술,circle,8,0.8,75,1,0.2,1,,,50,0,6,1,10,,,,,,,
INT-08,디컨스트럭션 · 큐브 격자형,FX,5,L,대,Y,기술,circle,11,1.1,83,1,0.2,1,,,50,0,8,1,10,,,,,,,
INT-08,디컨스트럭션 · 큐브 격자형,FX,5,L,특대,,궁극,circle,15,1.5,245,1,0.6,1,,,50,0,게이지,1,10,,,,,,,
INT-10,앱솔루트 제로 프랙처,FX,3,L,중,,기술,circle,8,0.44,75,1,0.2,1,,,50,1.45,6,2.45,18,slow:3,,,,,,
INT-10,앱솔루트 제로 프랙처,FX,3,L,대,Y,기술,circle,11,0.61,83,1,0.2,1,,,50,1.45,8,2.45,18,slow:3,,,,,,
INT-10,앱솔루트 제로 프랙처,FX,3,L,특대,,궁극,circle,15,0.83,245,1,0.6,2,,,50,0.45,게이지,2.45,18,slow:3,,,,,,
SC-03,광자 집중 · 일점 폭축,FX,4,L,소,,기술,circle,5,0.71,68,1,0.2,1,,,50,1.1,6,2.1,7,,,,,,,
SC-03,광자 집중 · 일점 폭축,FX,4,L,중,Y,기술,circle,8,1.14,75,1,0.2,1,,,50,1.1,6,2.1,7,,,,,,,
SC-03,광자 집중 · 일점 폭축,FX,4,L,대,,기술,circle,11,1.57,83,1,0.2,1,,,50,1.1,8,2.1,7,,,,,,,
SC-02,검기 폭풍 · 일곱 섬광,FX,3,L,소,Y,기술,circle,5,1,68,4,0.2,0.43,,,50,0,6,0.435,5,,,,,,,
SC-02,검기 폭풍 · 일곱 섬광,FX,3,L,중,,기술,circle,8,1.6,75,4,0.2,0.43,,,50,0,6,0.435,5,,,,,,,
NV-03,독성 미아즈마,FX,4,M,소,,기술,zone,5,0.45,20,1,0.2,0.5,,,50,0,9,0.5,11,,,,5,,,
NV-03,독성 미아즈마,FX,4,M,중,,기술,zone,8,0.73,20,1,0.2,0.5,,,50,0,9,0.5,11,,,,5,,,
NV-03,독성 미아즈마,FX,4,M,대,Y,기술,zone,11,1,20,1,0.2,0.5,,,50,0,9,0.5,11,,,,5,,,
NV-03,독성 미아즈마,FX,4,M,특대,,궁극,zone,15,1.36,45,1,0.6,0.5,,,50,0,게이지,0.5,11,,,,5,,,
NV-06,에테리얼 연꽃 · 월광 개화,FX,4,M,소,,기술,circle,5,0.45,68,1,0.2,1,,,50,0.8,6,1.8,11,,,,,,,
NV-06,에테리얼 연꽃 · 월광 개화,FX,4,M,중,,기술,circle,8,0.73,75,1,0.2,1,,,50,0.8,6,1.8,11,,,,,,,
NV-06,에테리얼 연꽃 · 월광 개화,FX,4,M,대,Y,기술,circle,11,1,83,1,0.2,1,,,50,0.8,8,1.8,11,,,,,,,
NV-06,에테리얼 연꽃 · 월광 개화,FX,4,M,특대,,궁극,circle,15,1.36,245,1,0.6,1.8,,,50,0,게이지,1.8,11,,,,,,,
NV-07,운석 잿불 폭풍,FX,3,M,소,,기술,circle,5,0.45,68,3,0.2,1,,,50,0,6,1,11,,,,,,,
NV-07,운석 잿불 폭풍,FX,3,M,중,,기술,circle,8,0.73,75,3,0.2,1,,,50,0,6,1,11,,,,,,,
NV-07,운석 잿불 폭풍,FX,3,M,대,Y,기술,circle,11,1,83,3,0.2,1,,,50,0,8,1,11,,,,,,,
NV-07,운석 잿불 폭풍,FX,3,M,특대,,궁극,circle,15,1.36,245,3,0.6,1,,,50,0,게이지,1,11,,,,,,,
V5-06,사이매틱스 · 공명의 정원,FX,4,M,대,,기술,zone,11,0.46,20,1,0.2,0.5,,,50,0,9,0.5,24,knock:10,,,5,,,
V5-06,사이매틱스 · 공명의 정원,FX,4,M,특대,Y,궁극,zone,15,0.63,45,1,0.6,0.5,,,50,0,게이지,0.5,24,knock:10,,,5,,,
V5-03,메타볼 유기 분열,FX,3,L,소,,기술,circle,5,0.63,68,1,0.2,1,,,50,1.4,6,2.4,8,,,,,,,
V5-03,메타볼 유기 분열,FX,3,L,중,Y,기술,circle,8,1,75,1,0.2,1,,,50,1.4,6,2.4,8,,,,,,,
V5-03,메타볼 유기 분열,FX,3,L,대,,기술,circle,11,1.38,83,1,0.2,1,,,50,1.4,8,2.4,8,,,,,,,
V5-05,BZ 반응-확산 매질,FX,3,H,중,,기술,zone,8,0.38,20,1,0.2,0.7,,,50,0.4,9,1.1,21,,,,5,,,
V5-05,BZ 반응-확산 매질,FX,3,H,대,Y,기술,zone,11,0.52,20,1,0.2,0.7,,,50,0.4,9,1.1,21,,,,5,,,
V5-05,BZ 반응-확산 매질,FX,3,H,특대,,궁극,zone,15,0.71,45,1,0.6,1.1,,,50,0,게이지,1.1,21,,,,5,,,
INT-08-P,디컨스트럭션 · 패널 산란형,FX,3,L,소,,기본,circle,5,0.42,40,1,0.12,0.3,,,50,0,1.4,0.3,12,,,,,,,
INT-08-P,디컨스트럭션 · 패널 산란형,FX,3,L,중,,기술,circle,8,0.67,75,1,0.2,0.3,,,50,0,6,0.3,12,,,,,,,
INT-08-P,디컨스트럭션 · 패널 산란형,FX,3,L,대,Y,기술,circle,11,0.92,83,1,0.2,0.3,,,50,0,8,0.3,12,,,,,,,
INT-08-P,디컨스트럭션 · 패널 산란형,FX,3,L,특대,,궁극,circle,15,1.25,245,1,0.6,0.3,,,50,0,게이지,0.3,12,,,,,,,
FX-10-C,데이터 코어 · 큐브 수렴 결합형,FX,5,L,소,,기본,circle,5,0.42,40,1,0.12,0.65,,,50,0.9,1.4,1.55,12,,,,,,,
FX-10-C,데이터 코어 · 큐브 수렴 결합형,FX,5,L,중,,기술,circle,8,0.67,75,1,0.2,1,,,50,0.55,6,1.55,12,,,,,,,
FX-10-C,데이터 코어 · 큐브 수렴 결합형,FX,5,L,대,Y,기술,circle,11,0.92,83,1,0.2,1,,,50,0.55,8,1.55,12,,,,,,,
FX-10-C,데이터 코어 · 큐브 수렴 결합형,FX,5,L,특대,,궁극,circle,15,1.25,245,1,0.6,1.55,,,50,0,게이지,1.55,12,,,,,,,
FX-10-O,데이터 코어 · 원본 바이너리 큐브,FX,3,H,중,,기술,circle,8,0.4,75,1,0.2,1,,,50,0.55,6,1.55,20,,,,,,,
FX-10-O,데이터 코어 · 원본 바이너리 큐브,FX,3,H,대,Y,기술,circle,11,0.55,83,1,0.2,1,,,50,0.55,8,1.55,20,,,,,,,
FX-10-O,데이터 코어 · 원본 바이너리 큐브,FX,3,H,특대,,궁극,circle,15,0.75,245,1,0.6,1.55,,,50,0,게이지,1.55,20,,,,,,,
INT-08-O,디컨스트럭션 · 최초 3D 패널,FX,3,H,소,,기술,zone,5,0.42,20,1,0.2,0.2,,,50,0,9,0.2,12,,,,4.2,,,
INT-08-O,디컨스트럭션 · 최초 3D 패널,FX,3,H,중,,기술,zone,8,0.67,20,1,0.2,0.2,,,50,0,9,0.2,12,,,,4.2,,,
INT-08-O,디컨스트럭션 · 최초 3D 패널,FX,3,H,대,Y,기술,zone,11,0.92,20,1,0.2,0.2,,,50,0,9,0.2,12,,,,4.2,,,
INT-08-O,디컨스트럭션 · 최초 3D 패널,FX,3,H,특대,,궁극,zone,15,1.25,45,1,0.6,0.2,,,50,0,게이지,0.2,12,,,,4.2,,,
ARC-21,지각융기·용암균열,FX,4,H,중,,기술,circle,8,0.5,75,1,0.2,0.3,,,50,0,6,0.3,16,knock:12,,,,,,
ARC-21,지각융기·용암균열,FX,4,H,대,,기술,circle,11,0.69,83,1,0.2,0.3,,,50,0,8,0.3,16,knock:12,,,,,,
ARC-21,지각융기·용암균열,FX,4,H,특대,Y,궁극,circle,15,0.94,245,1,0.6,0.3,,,50,0,게이지,0.3,16,knock:12,,,,,,
FX-101,진홍 장미 폭렬,FX,3,H,소,,기술,circle,5,0.5,68,1,0.2,1,,,50,1,6,2,10,,,,,,,
FX-101,진홍 장미 폭렬,FX,3,H,중,,기술,circle,8,0.8,75,1,0.2,1,,,50,1,6,2,10,,,,,,,
FX-101,진홍 장미 폭렬,FX,3,H,대,Y,기술,circle,11,1.1,83,1,0.2,1,,,50,1,8,2,10,,,,,,,
FX-101,진홍 장미 폭렬,FX,3,H,특대,,궁극,circle,15,1.5,245,1,0.6,2,,,50,0,게이지,2,10,,,,,,,
FX-146,프리즘 나비 산란,FX,4,M,소,,기본,circle,5,0.71,40,1,0.12,0.6,,,50,0.4,1.4,1,7,,,,,,,
FX-146,프리즘 나비 산란,FX,4,M,중,Y,기술,circle,8,1.14,75,1,0.2,1,,,50,0,6,1,7,,,,,,,
FX-146,프리즘 나비 산란,FX,4,M,대,,기술,circle,11,1.57,83,1,0.2,1,,,50,0,8,1,7,,,,,,,
FX-140,신성 연꽃 강타,FX,4,M,소,,기술,circle,5,0.71,68,1,0.2,1.05,,,50,1,6,2.05,7,,,,,,,
FX-140,신성 연꽃 강타,FX,4,M,중,Y,기술,circle,8,1.14,75,1,0.2,1.05,,,50,1,6,2.05,7,,,,,,,
FX-140,신성 연꽃 강타,FX,4,M,대,,기술,circle,11,1.57,83,1,0.2,1.05,,,50,1,8,2.05,7,,,,,,,
FX-150,궤도 십자 폭격,FX,4,M,소,,기본,circle,5,0.45,40,1,0.12,0.6,,,50,0.7,1.4,1.3,11,,,,,,,
FX-150,궤도 십자 폭격,FX,4,M,중,,기술,circle,8,0.73,75,1,0.2,1,,,50,0.3,6,1.3,11,,,,,,,
FX-150,궤도 십자 폭격,FX,4,M,대,Y,기술,circle,11,1,83,1,0.2,1,,,50,0.3,8,1.3,11,,,,,,,
FX-150,궤도 십자 폭격,FX,4,M,특대,,궁극,circle,15,1.36,245,1,0.6,1.3,,,50,0,게이지,1.3,11,,,,,,,
FX-125,황금비 프랙탈 폭발,FX,4,H,중,,기술,circle,8,0.5,75,1,0.2,1,,,50,1.1,6,2.1,16,,,,,,,
FX-125,황금비 프랙탈 폭발,FX,4,H,대,,기술,circle,11,0.69,83,1,0.2,1,,,50,1.1,8,2.1,16,,,,,,,
FX-125,황금비 프랙탈 폭발,FX,4,H,특대,Y,궁극,circle,15,0.94,245,1,0.6,2,,,50,0.1,게이지,2.1,16,,,,,,,
FX-141,잠식하는 공허핵,FX,4,L,소,,기술,zone,5,0.71,20,1,0.2,0.2,,,50,0,9,0.2,7,,,,5,,,
FX-141,잠식하는 공허핵,FX,4,L,중,Y,기술,zone,8,1.14,20,1,0.2,0.2,,,50,0,9,0.2,7,,,,5,,,
FX-141,잠식하는 공허핵,FX,4,L,대,,기술,zone,11,1.57,20,1,0.2,0.2,,,50,0,9,0.2,7,,,,5,,,
NX-05,빙백 연화 파쇄,FX,4,M,소,,기본,circle,5,0.71,40,1,0.12,0.7,,,50,0.95,1.4,1.65,7,slow:3,,,,,,
NX-05,빙백 연화 파쇄,FX,4,M,중,Y,기술,circle,8,1.14,75,1,0.2,1.05,,,50,0.6,6,1.65,7,slow:3,,,,,,
NX-05,빙백 연화 파쇄,FX,4,M,대,,기술,circle,11,1.57,83,1,0.2,1.05,,,50,0.6,8,1.65,7,slow:3,,,,,,
FX-126,시간 역행의 와류,FX,3,L,소,,기술,zone,5,0.38,20,1,0.2,0.2,,,50,0,9,0.2,13,slow:3,,,2.9,,,
FX-126,시간 역행의 와류,FX,3,L,중,,기술,zone,8,0.62,20,1,0.2,0.2,,,50,0,9,0.2,13,slow:3,,,2.9,,,
FX-126,시간 역행의 와류,FX,3,L,대,Y,기술,zone,11,0.85,20,1,0.2,0.2,,,50,0,9,0.2,13,slow:3,,,2.9,,,
FX-126,시간 역행의 와류,FX,3,L,특대,,궁극,zone,15,1.15,45,1,0.6,0.2,,,50,0,게이지,0.2,13,slow:3,,,2.9,,,
FX-142,점화 초승달 와류,FX,3,L,소,,기술,radial,5,0.56,68,1,0.2,0.4,,,,0,6,0.4,9,burn:3,,,,,,
FX-142,점화 초승달 와류,FX,3,L,중,Y,기술,radial,8,0.89,75,1,0.2,0.4,,,,0,6,0.4,9,burn:3,,,,,,
FX-142,점화 초승달 와류,FX,3,L,대,,기술,radial,11,1.22,83,1,0.2,0.4,,,,0,8,0.4,9,burn:3,,,,,,
FX-152,시공 단절 와류,FX,4,M,소,,기술,zone,5,0.56,20,1,0.2,0.55,,,50,0.05,9,0.6,9,,,,3.7,,,
FX-152,시공 단절 와류,FX,4,M,중,Y,기술,zone,8,0.89,20,1,0.2,0.55,,,50,0.05,9,0.6,9,,,,3.7,,,
FX-152,시공 단절 와류,FX,4,M,대,,기술,zone,11,1.22,20,1,0.2,0.55,,,50,0.05,9,0.6,9,,,,3.7,,,
FX-155,나비 탄막,FX,3,L,소,,기본,circle,5,0.56,40,1,0.12,0.6,,,50,0.4,1.4,1,9,,,,,,,
FX-155,나비 탄막,FX,3,L,중,Y,기술,circle,8,0.89,75,1,0.2,1,,,50,0,6,1,9,,,,,,,
FX-155,나비 탄막,FX,3,L,대,,기술,circle,11,1.22,83,1,0.2,1,,,50,0,8,1,9,,,,,,,
FX-157,프리즘 나선 에너지파,FX,4,M,소,,기술,radial,5,0.42,68,1,0.2,1.05,,,,0.35,6,1.4,12,,,,,,,
FX-157,프리즘 나선 에너지파,FX,4,M,중,,기술,radial,8,0.67,75,1,0.2,1.05,,,,0.35,6,1.4,12,,,,,,,
FX-157,프리즘 나선 에너지파,FX,4,M,대,Y,기술,radial,11,0.92,83,1,0.2,1.05,,,,0.35,8,1.4,12,,,,,,,
FX-157,프리즘 나선 에너지파,FX,4,M,특대,,궁극,radial,15,1.25,245,1,0.6,1.4,,,,0,게이지,1.4,12,,,,,,,
NX-08,육각 빙결 성문,FX,3,L,소,,기술,zone,5,0.63,20,1,0.2,0.2,,,50,0,9,0.2,8,slow:3,,,5,,,
NX-08,육각 빙결 성문,FX,3,L,중,Y,기술,zone,8,1,20,1,0.2,0.2,,,50,0,9,0.2,8,slow:3,,,5,,,
NX-08,육각 빙결 성문,FX,3,L,대,,기술,zone,11,1.38,20,1,0.2,0.2,,,50,0,9,0.2,8,slow:3,,,5,,,
NX-10,심연 와류,FX,3,M,소,,기술,zone,5,0.5,20,1,0.2,0.2,,,50,0,9,0.2,10,,,,5,,,
NX-10,심연 와류,FX,3,M,중,,기술,zone,8,0.8,20,1,0.2,0.2,,,50,0,9,0.2,10,,,,5,,,
NX-10,심연 와류,FX,3,M,대,Y,기술,zone,11,1.1,20,1,0.2,0.2,,,50,0,9,0.2,10,,,,5,,,
NX-10,심연 와류,FX,3,M,특대,,궁극,zone,15,1.5,45,1,0.6,0.2,,,50,0,게이지,0.2,10,,,,5,,,
ARC-22,차원 균열,FX,3,L,소,,기술,zone,5,0.63,20,1,0.2,0.3,,,50,0,9,0.3,8,,,,5,,,
ARC-22,차원 균열,FX,3,L,중,Y,기술,zone,8,1,20,1,0.2,0.3,,,50,0,9,0.3,8,,,,5,,,
ARC-22,차원 균열,FX,3,L,대,,기술,zone,11,1.38,20,1,0.2,0.3,,,50,0,9,0.3,8,,,,5,,,
ARC-24,심연 연꽃 포식,FX,3,L,소,Y,기술,zone,5,1,20,1,0.2,0.95,,,50,1.35,9,2.3,5,,,,4.7,,,
ARC-24,심연 연꽃 포식,FX,3,L,중,,기술,zone,8,1.6,20,1,0.2,0.95,,,50,1.35,9,2.3,5,,,,4.7,,,
ARC-27,용암 개화,FX,3,L,소,Y,기술,zone,5,1.25,20,1,0.2,0.5,,,50,0.4,9,0.9,4,burn:3,,,5,,,
FX-130,침묵의 핵폭·버섯구름,FX,3,M,소,,기본,circle,5,0.36,40,1,0.12,0.6,,,50,0.7,1.4,1.3,14,burn:3,,,,,,
FX-130,침묵의 핵폭·버섯구름,FX,3,M,중,,기술,circle,8,0.57,75,1,0.2,1,,,50,0.3,6,1.3,14,burn:3,,,,,,
FX-130,침묵의 핵폭·버섯구름,FX,3,M,대,Y,기술,circle,11,0.79,83,1,0.2,1,,,50,0.3,8,1.3,14,burn:3,,,,,,
FX-130,침묵의 핵폭·버섯구름,FX,3,M,특대,,궁극,circle,15,1.07,245,1,0.6,1.3,,,50,0,게이지,1.3,14,burn:3,,,,,,
ARC-25,사건의 지평선 낫,FX,3,M,대,Y,기술,zone,11,0.73,20,1,0.2,0.55,,,50,0.05,9,0.6,15,knock:12,,,5,,,
ARC-25,사건의 지평선 낫,FX,3,M,특대,,궁극,zone,15,1,45,1,0.6,0.6,,,50,0,게이지,0.6,15,knock:12,,,5,,,
FX-108,마법공학 봉인 참격,FX,3,M,소,,기본,circle,5,0.71,40,1,0.12,0.6,,,50,0.4,1.4,1,7,,,,,,,
FX-108,마법공학 봉인 참격,FX,3,M,중,Y,기술,circle,8,1.14,75,1,0.2,1,,,50,0,6,1,7,,,,,,,
FX-108,마법공학 봉인 참격,FX,3,M,대,,기술,circle,11,1.57,83,1,0.2,1,,,50,0,8,1,7,,,,,,,
WTR-1,워터 볼텍스,FX,4,L,소,,기술,zone,5,0.56,20,1,0.2,0.3,,,50,0,9,0.3,9,slow:2,,,5,,,
WTR-1,워터 볼텍스,FX,4,L,중,Y,기술,zone,8,0.89,20,1,0.2,0.3,,,50,0,9,0.3,9,slow:2,,,5,,,
WTR-1,워터 볼텍스,FX,4,L,대,,기술,zone,11,1.22,20,1,0.2,0.3,,,50,0,9,0.3,9,slow:2,,,5,,,
ARC-32,차원 거울 파쇄,FX,3,L,소,,기본,circle,5,0.5,40,1,0.12,0.6,,,50,0.6,1.4,1.2,10,,,,,,,
ARC-32,차원 거울 파쇄,FX,3,L,중,,기술,circle,8,0.8,75,1,0.2,1.05,,,50,0.15,6,1.2,10,,,,,,,
ARC-32,차원 거울 파쇄,FX,3,L,대,Y,기술,circle,11,1.1,83,1,0.2,1.05,,,50,0.15,8,1.2,10,,,,,,,
ARC-32,차원 거울 파쇄,FX,3,L,특대,,궁극,circle,15,1.5,245,1,0.6,1.2,,,50,0,게이지,1.2,10,,,,,,,
MYTH-01,청연 · 언령신룡 강림,FX,5,H,소,,기술,circle,5,0.38,68,1,0.2,1.6,,,50,3.65,6,5.25,13,,,,,,,
MYTH-01,청연 · 언령신룡 강림,FX,5,H,중,,기술,circle,8,0.62,75,1,0.2,1.6,,,50,3.65,6,5.25,13,,,,,,,
MYTH-01,청연 · 언령신룡 강림,FX,5,H,대,,기술,circle,11,0.85,83,1,0.2,1.6,,,50,3.65,8,5.25,13,,,,,,,
MYTH-01,청연 · 언령신룡 강림,FX,5,H,특대,Y,궁극,circle,15,1.15,245,1,0.6,2,,,50,3.25,게이지,5.25,13,,,,,,,
FX-121,디지털 글리치 · 양자 붕괴,FX,4,L,소,,기본,circle,5,0.63,40,1,0.12,0.6,,,50,0,1.4,0.6,8,,,,,,,
FX-121,디지털 글리치 · 양자 붕괴,FX,4,L,중,Y,기술,circle,8,1,75,1,0.2,0.6,,,50,0,6,0.6,8,,,,,,,
FX-121,디지털 글리치 · 양자 붕괴,FX,4,L,대,,기술,circle,11,1.38,83,1,0.2,0.6,,,50,0,8,0.6,8,,,,,,,
CURSE-01,무간 · 흑왕의 장송,FX,4,M,소,,기술,circle,5,0.42,68,1,0.2,1.6,,,50,4.4,6,6,12,curse:2,,,,,,
CURSE-01,무간 · 흑왕의 장송,FX,4,M,중,,기술,circle,8,0.67,75,1,0.2,1.6,,,50,4.4,6,6,12,curse:2,,,,,,
CURSE-01,무간 · 흑왕의 장송,FX,4,M,대,Y,기술,circle,11,0.92,83,1,0.2,1.6,,,50,4.4,8,6,12,curse:2,,,,,,
CURSE-01,무간 · 흑왕의 장송,FX,4,M,특대,,궁극,circle,15,1.25,245,1,0.6,2,,,50,4,게이지,6,12,curse:2,,,,,,
GS-aurora9,극광폭발,GS,3,M,,Y,기술,radial,10,,80,2,0.2,1.6,,,,2.35,8,3.95,,burn:3,,,,,,
GS-vortexring,와류환,GS,4,H,,Y,기술,circle,6,,70,1,0.2,1.2,,,50,1.75,6,2.95,,knock:10,,,,,,
GS-sedov,공중 가스폭연,GS,4,M,,Y,기술,circle,9,,78,1,0.2,0.15,,,50,0,6,0.15,,burn:3,,,,,,
GS-miura,미우라전개,GS,3,L,,Y,방어,shield,,,,1,0.1,0.1,,,,0,10,0.1,,,,,4.8,90,,
GS-requiem,천구장송,GS,5,M,,Y,기술,circle,6,,70,1,0.2,1.45,,,50,2.15,6,3.6,,,,,,,,
GS-nuke,최후통첩,GS,4,H,,Y,궁극,circle,9,,240,2,0.6,1.02,,,50,0,게이지,1.02,,burn:3,,,,,,
GS-sonic,음속파단,GS,4,M,,Y,기술,circle,9,,78,1,0.2,1.02,,,50,0.9,6,1.92,,knock:10,,,,,,
GS-helix,오행천파,GS,4,H,,Y,기술,circle,8,,75,1,0.2,1.02,,,50,1.4,6,2.42,,,,,,,,
GS-vacuum,진공파열,GS,3,H,,Y,기술,circle,8,,80,2,0.2,1.02,,,50,0.4,8,1.42,,burn:3,,,,,,
GS-thermo,항성점화,GS,4,H,,Y,궁극,circle,9,,255,2,0.6,0.57,,,50,0,게이지,0.57,,burn:3,,,,,,
GS-mirv,묵시의비,GS,4,H,,Y,궁극,circle,6,,255,5,0.6,2.02,,,50,0.25,게이지,2.27,,,,,,,,
GS-aegis,천개방벽,GS,4,H,,Y,방어,shield,,,,1,0.1,0.05,,,,0,10,0.05,,,,,5,90,,
GS-rod,천주강림,GS,4,H,,Y,기술,circle,5,,80,2,0.2,0.62,,,50,0,8,0.62,,,,,,,,
GS-cannon,철갑작렬,GS,3,L,,Y,기술,circle,5,,68,1,0.2,0.25,,,50,0,6,0.25,,,,,,,,
GS-dynamite,도화선,GS,3,L,,Y,기술,circle,8,,75,1,0.2,1.03,,,50,0.1,6,1.13,,burn:3,,,,,,
GS-shuriken,수리검연격,GS,3,L,,Y,기술,circle,5,,68,3,0.2,0.55,,,50,0,6,0.55,,,,,,,,
GS-talisman,부적봉인,GS,4,M,,Y,기술,circle,8,,75,1,0.2,1,,,50,0.75,6,1.75,,,,,,,,
GS-bell,범종파문,GS,4,H,,Y,궁극,circle,6,,250,3,0.6,0.12,,,50,0,게이지,0.12,,knock:10,,,,,,
GS-fan,선풍참,GS,4,L,,Y,기술,circle,7,,73,3,0.2,0.3,,,50,0,6,0.3,,knock:10,,,,,,
GS-frost,빙결탄,GS,3,M,,Y,기술,circle,8,,75,1,0.2,0.3,,,50,0,6,0.3,,slow:3,,,,,,
GS-arsenal,기갑전개,GS,4,L,,Y,기술,circle,8,,75,1,0.2,1.43,,,50,2.1,6,3.53,,,,,,,,
GS-railgun,전자기포,GS,3,L,,Y,기술,circle,6,,70,1,0.2,1.3,,,50,1.9,6,3.2,,,,,,,,
GS-nanite,나노해체,GS,4,M,,Y,기술,circle,12,,85,2,0.2,1.55,,,50,2.3,8,3.85,,,,,,,,
GS-tokamak,핵융합로,GS,4,M,,Y,기술,circle,11,,83,1,0.2,1.58,,,50,2.3,8,3.88,,burn:3,,,,,,
GS-web,결계망,GS,3,M,,Y,기술,circle,5,,68,1,0.2,1.3,,,50,1.95,6,3.25,,,,,,,,
GS-lance,관통포,GS,4,L,,Y,기술,circle,8,,75,2,0.2,1,,,50,0.85,6,1.85,,,,,,,,
GS-hammer,뇌추,GS,3,M,,Y,기술,circle,7,,73,2,0.2,1.03,,,50,0.8,6,1.83,,expose:3,,,,,,
GS-meteor,유성우,GS,4,M,,Y,기술,circle,7,,73,1,0.2,1.43,,,50,2.1,6,3.53,,,,,,,,
GS-tsunami,해일,GS,4,H,,Y,궁극,circle,18,,260,1,0.6,2.03,,,50,1,게이지,3.03,,slow:2,,,,,,
GS-horizon,사건지평,GS,4,M,,Y,기술,circle,6,,70,1,0.2,1.85,,,50,2.7,6,4.55,,knock:12,,,,,,
GS-ferro,자성첨탑,GS,3,M,,Y,기술,circle,7,,73,1,0.2,1.6,,,50,2.35,6,3.95,,knock:12,,,,,,
GS-murmur,군무,GS,3,H,,Y,기술,circle,5,,68,1,0.2,1.75,,,50,2.6,6,4.35,,,,,,,,
GS-bloom,몽화만개,GS,5,M,,Y,궁극,radial,11,,245,2,0.6,2.03,,,,1.05,게이지,3.08,,,,,,,,
GS-aurora,극광강림,GS,4,M,,Y,기술,radial,9,,78,1,0.2,1.85,,,,2.7,6,4.55,,burn:3,,,,,,
GS-fractal,무한전개,GS,4,L,,Y,기술,circle,7,,73,1,0.2,1.43,,,50,2.1,6,3.53,,,,,,,,
GS-abyss,심해명멸,GS,4,M,,Y,기술,circle,7,,73,1,0.2,1.8,,,50,2.65,6,4.45,,,,,,,,
GS-dune,사구성음,GS,4,H,,Y,기술,circle,8,,75,1,0.2,1.65,,,50,2.4,6,4.05,,knock:12,,,,,,
GS-chrono,시간층리,GS,3,L,,Y,기술,circle,6,,70,1,0.2,1.5,,,50,2.2,6,3.7,,slow:3,,,,,,
GS-mycel,포자군락,GS,3,M,,Y,기술,circle,8,,75,1,0.2,1.83,,,50,2.65,6,4.48,,,,,,,,
GS-tempest,뇌옥강림,GS,4,M,,Y,기술,circle,10,,80,1,0.2,1.33,,,50,1.95,8,3.28,,expose:3,,,,,,
GS-silk,천잠사,GS,3,L,,Y,기술,circle,7,,73,1,0.2,1.3,,,50,1.85,6,3.15,,,,,,,,
GS-rift,분열지각,GS,5,H,,Y,궁극,radial,14,,240,1,0.6,1.75,,,,0,게이지,1.75,,knock:12,,,,,,
GS-judge,뇌정극형,GS,4,M,,Y,기술,circle,12,,85,1,0.2,1.02,,,50,0.6,8,1.62,,expose:3,,,,,,
GS-digital,연산붕괴,GS,4,H,,Y,기술,circle,10,,80,1,0.2,1.38,,,50,1.95,8,3.33,,,,,,,,
GS-polytope,다면압궤,GS,5,M,,Y,기술,circle,7,,73,1,0.2,1.3,,,50,1.85,6,3.15,,,,,,,,
CH:prism,프리즘 헬릭스,CH,5,H,,Y,기술,beam,5,,61,1,0.2,1.03,,,55,0.3,6,1.33,,,,,,,,
CH:rupture,럽처 드라이브,CH,5,H,,Y,기술,beam,8,,65,1,0.2,1.03,,,55,0.3,6,1.33,,expose:3,,,,,,
CH:void,보이드 오키드,CH,4,H,,Y,기술,beam,7,,64,1,0.2,1.03,,,55,0.3,6,1.33,,knock:12,,,,,,
CH:glacier,글레이셔 랜스,CH,4,H,,Y,기술,beam,10,,68,1,0.2,1.02,,,55,0.8,6,1.82,,slow:3,,,,,,
CH:solar,솔라 포지,CH,4,H,,Y,기술,beam,4,,60,1,0.2,1,,,55,0.7,6,1.7,,burn:3,,,,,,
CH:aurora,오로라 타이드,CH,4,H,,Y,기술,beam,4,,60,1,0.2,1.03,,,55,0.3,6,1.33,,burn:3,,,,,,
CH:storm,스톰 필라멘트,CH,4,H,,Y,기술,beam,5,,61,1,0.2,1.03,,,55,0.3,6,1.33,,expose:3,,,,,,
CH:kintsugi,킨츠기 리프트,CH,4,H,,Y,기술,beam,10,,68,1,0.2,1.05,,,55,0.6,6,1.65,,knock:12,,,,,,
CH:coral,코랄 코러스,CH,4,H,,Y,기술,beam,4,,60,1,0.2,1.03,,,55,0.3,6,1.33,,,,,,,,
CH:tidal,타이달 크라운,CH,5,H,,Y,기술,beam,5,,61,1,0.2,1.03,,,55,0.3,6,1.33,,slow:2,,,,,,
CH:glitch,크로매틱 에러,CH,4,H,,Y,기술,beam,4,,60,1,0.2,1.03,,,55,0.3,6,1.33,,,,,,,,
CH:collapse,널 캐스케이드,CH,4,H,,Y,기술,beam,4,,60,1,0.2,1.03,,,55,0.3,6,1.33,,,,,,,,
CH:comic,패널 브레이커,CH,4,H,,Y,기술,beam,4,,60,1,0.2,1.03,,,55,0.3,6,1.33,,,,,,,,
CH:jade,비취 묵광,CH,4,H,,Y,기술,beam,4,,60,1,0.2,1.03,,,55,0.3,6,1.33,,,,,,,,
CH:dokkaebi,도깨비불,CH,3,H,,Y,기술,beam,10,,68,1,0.2,1.03,,,55,0.55,6,1.58,,,,,,,,
CH:matrix,매트릭스 캐스케이드,CH,4,L,,Y,기술,circle,5,,68,1,0.2,1.35,,,50,2,6,3.35,,,,,,,,
CH:cathedral,성당의 창,CH,3,H,,Y,기술,beam,5,,61,1,0.2,1.04,,,55,0.7,6,1.74,,,,,,,,
CH:ferro,자성 송곳니,CH,4,H,,Y,기술,circle,5,,68,1,0.2,1.02,,,50,1,6,2.02,,knock:12,,,,,,
CH:seraph,세라프 강림,CH,3,M,,Y,기술,beam,6,,63,1,0.2,0.77,,,55,1.15,6,1.92,,,,,,,,
CH:mycelium,균사 저주,CH,3,H,,Y,기술,circle,5,,68,1,0.2,1.01,,,50,1.35,6,2.36,,,,,,,,
CH:chronos,시간의 전단,CH,3,M,,Y,기술,beam,4,,60,1,0.2,0.87,,,55,1.25,6,2.12,,slow:3,,,,,,
CH:loom,중력 직조,CH,4,H,,Y,기술,beam,4,,60,1,0.2,1.03,,,55,1.15,6,2.18,,knock:12,,,,,,
CH:leviathan,레비아탄의 항적,CH,4,H,,Y,기술,circle,5,,68,1,0.2,1.01,,,50,1.05,6,2.06,,,,,,,,
CH:requiem,크림슨 레퀴엠,CH,3,H,,Y,기술,circle,4,,65,3,0.2,1.01,,,50,0.65,6,1.66,,,,,,,,
CH:prominence,태양 홍염,CH,3,H,,Y,기술,circle,5,,68,1,0.2,1.02,,,50,0.8,6,1.82,,burn:3,,,,,,
CH:manta,심해의 망토,CH,4,H,,Y,기술,circle,5,,68,1,0.2,1.04,,,50,1.4,6,2.44,,,,,,,,
CH:ssitgim,씻김 길가르기,CH,3,M,,Y,기술,circle,5,,68,1,0.2,1.34,,,50,2,6,3.34,,,,,,,,
CH:obang,오방 먹 분리,CH,4,M,,Y,기술,circle,5,,68,5,0.2,1.04,,,50,1.15,6,2.19,,,,,,,,
CH:chladni,클라드니 구,CH,4,M,,Y,기술,circle,6,,70,1,0.2,1.6,,,50,2.4,6,4,,knock:10,,,,,,
CH:emille,에밀레 맥놀이,CH,4,M,,Y,기술,circle,5,,68,4,0.2,1,,,50,1.2,6,2.2,,knock:10,,,,,,
CH:tomo,단층 촬영,CH,4,M,,Y,기술,circle,5,,68,1,0.2,1.55,,,50,2.3,6,3.85,,,,,,,,
CH:lazy,팬터그래프 케이지,CH,3,M,,Y,기술,circle,4,,65,1,0.2,1.7,,,50,2.45,6,4.15,,,,,,,,
CH:brimstone,인페르노 헬파이어,CH,4,M,,Y,기술,circle,6,,70,1,0.2,0.67,,,50,0.95,6,1.62,,burn:3,,,,,,
CH:voltspear,블루썬더볼트,CH,3,L,,Y,기술,beam,4,,68,2,0.2,1.03,,,55,0.1,6,1.13,,expose:3,,,,,,
CH:crane,종이학 편대,CH,4,L,,Y,기술,circle,4,,65,1,0.2,1.2,,,50,1.8,6,3,,,,,,,,
CH:relay,거울 릴레이,CH,3,L,,Y,기술,beam,7,,65,2,0.2,1.02,,,55,0.7,6,1.72,,,,,,,,
CH:bubble,비눗방울 올가미,CH,3,H,,Y,기술,circle,4,,65,1,0.2,1.47,,,50,2.15,6,3.62,,,,,,,,
CH:spiral,와류 진주,CH,5,L,,Y,기술,circle,5,,75,2,0.2,1,,,50,0.75,6,1.75,,knock:10,,,,,,
CH:galaxy,나선 성운,CH,4,L,,Y,기술,circle,6,,70,1,0.2,1.45,,,50,2.15,6,3.6,,,,,,,,
CH:twin,쌍나선 합일,CH,4,M,,Y,기술,circle,5,,68,1,0.2,1,,,50,1.45,6,2.45,,,,,,,,
CH:opal,오팔 박막,CH,4,L,,Y,기술,circle,7,,73,1,0.2,1.85,,,50,2.7,6,4.55,,,,,,,,
CH:marey,마레 잔상,CH,4,L,,Y,기술,circle,4,,65,3,0.2,1,,,50,1.1,6,2.1,,slow:3,,,,,,
CH:gaze,명부의 응시,CH,4,H,,Y,기술,circle,5,,68,1,0.2,1.45,,,50,2.15,6,3.6,,curse:2,,,,,,
D:PROJ:gayageum,가야금 파현,D,,L,소,Y,기술,radial,5,0.83,68,1,0.2,0.42,,,,0,6,0.42,6,knock:10,,,,,,
D:PROJ:gayageum,가야금 파현,D,,L,중,,기술,radial,8,1.33,75,1,0.2,0.42,,,,0,6,0.42,6,knock:10,,,,,,
D:ULT:eclipse,개기식,D,,H,중,,기술,circle,8,0.5,75,1,0.2,1.17,,,50,1.75,6,2.92,16,,,,,,,
D:ULT:eclipse,개기식,D,,H,대,,기술,circle,11,0.69,83,1,0.2,1.17,,,50,1.75,8,2.92,16,,,,,,,
D:ULT:eclipse,개기식,D,,H,특대,Y,궁극,circle,15,0.94,245,1,0.6,2.02,,,50,0.9,게이지,2.92,16,,,,,,,
D:ULT:grandsummon,개벽소환진,D,,M,특대,Y,궁극,circle,14,1,240,1,0.6,2,,,50,2.7,게이지,4.7,14,,,,,,,
D:ULT:mirror,거울 접힘,D,,L,소,Y,기술,circle,6,1,70,1,0.2,1,,,50,1.4,6,2.4,6,,,,,,,
D:PROJ:knotlance,결삭창,D,,L,소,Y,기술,circle,5,1.11,68,1,0.2,0.44,35.32,,50,0.1,6,0.54,4.5,,,,,,,
D:ULT:void,공허 균열,D,,M,중,,기술,circle,8,0.73,75,1,0.2,1,,,50,1.35,6,2.35,11,,,,,,,
D:ULT:void,공허 균열,D,,M,대,Y,기술,circle,11,1,83,1,0.2,1,,,50,1.35,8,2.35,11,,,,,,,
D:ULT:void,공허 균열,D,,M,특대,,궁극,circle,15,1.36,245,1,0.6,2,,,50,0.35,게이지,2.35,11,,,,,,,
D:PROJ:orbitdiver,궤환강하,D,,L,소,Y,기술,circle,5,0.83,68,1,0.2,0.9,,,50,0,6,0.9,6,,,,,,,
D:PROJ:orbitdiver,궤환강하,D,,L,중,,기술,circle,8,1.33,75,1,0.2,0.9,,,50,0,6,0.9,6,,,,,,,
D:ULT:gwigokseong,귀곡성,D,,L,소,Y,기술,circle,5,1,68,1,0.2,1,,,50,0.6,6,1.6,5,,,,,,,
D:ULT:gwigokseong,귀곡성,D,,L,중,,기술,circle,8,1.6,75,1,0.2,1,,,50,0.6,6,1.6,5,,,,,,,
D:PROJ:torrent,급류,D,,L,소,Y,기본,circle,5,0.83,40,1,0.12,0.05,24.99,-0.13,50,0,1.4,0.05,6,slow:2,,,,,,
D:PROJ:torrent,급류,D,,L,중,,기술,circle,8,1.33,75,1,0.2,0.05,40.05,-0.13,50,0,6,0.05,6,slow:2,,,,,,
D:PROJ:thunderstrike,뇌격일섬,D,,L,소,,기본,circle,5,0.71,40,1,0.12,0.5,,,50,0,1.4,0.5,7,expose:3,,,,,,
D:PROJ:thunderstrike,뇌격일섬,D,,L,중,Y,기술,circle,8,1.14,75,1,0.2,0.5,,,50,0,6,0.5,7,expose:3,,,,,,
D:PROJ:thunderstrike,뇌격일섬,D,,L,대,,기술,circle,11,1.57,83,1,0.2,0.5,,,50,0,8,0.5,7,expose:3,,,,,,
D:ULT:thunder,뇌신 강림,D,,M,중,,기술,circle,8,0.73,75,1,0.2,1.02,,,50,0.9,6,1.92,11,expose:3,,,,,,
D:ULT:thunder,뇌신 강림,D,,M,대,Y,기술,circle,11,1,83,1,0.2,1.02,,,50,0.9,8,1.92,11,expose:3,,,,,,
D:ULT:thunder,뇌신 강림,D,,M,특대,,궁극,circle,15,1.36,245,1,0.6,1.92,,,50,0,게이지,1.92,11,expose:3,,,,,,
D:PROJ:thunder,뇌전연쇄,D,,L,소,Y,기본,circle,5,1,40,1,0.12,0.1,,,50,0,1.4,0.1,5,expose:3,,,,,,
D:PROJ:thunder,뇌전연쇄,D,,L,중,,기술,circle,8,1.6,75,1,0.2,0.1,,,50,0,6,0.1,5,expose:3,,,,,,
D:ULT:galethunder,뇌풍선강림,D,,M,소,Y,기본,circle,5,1.25,40,1,0.12,0.5,,,50,0,1.4,0.5,4,expose:3,,,,,,
D:PROJ:blizzard,눈보라,D,,L,소,,기술,circle,5,0.77,68,1,0.2,0.05,20.54,-0.15,41,0,6,0.05,6.5,slow:3,,,,,,
D:PROJ:blizzard,눈보라,D,,L,중,Y,기술,circle,8,1.23,75,1,0.2,0.05,32.8,-0.15,50,0,6,0.05,6.5,slow:3,,,,,,
D:PROJ:diamondhail,다이아몬드우박,D,,L,소,Y,기술,zone,5,1,20,1,0.2,0.5,,,50,0.4,9,0.9,5,,,,2.5,,,
D:PROJ:diamondhail,다이아몬드우박,D,,L,중,,기술,zone,8,1.6,20,1,0.2,0.5,,,50,0.4,9,0.9,5,,,,2.5,,,
D:PROJ:daebuk,대북일성,D,,L,소,Y,기본,circle,5,0.83,40,1,0.12,0.6,,,50,0.4,1.4,1,6,knock:10,,,,,,
D:PROJ:daebuk,대북일성,D,,L,중,,기술,circle,8,1.33,75,1,0.2,1,,,50,0,6,1,6,knock:10,,,,,,
D:PROJ:dragongate,등용문,D,,L,소,Y,기본,circle,5,1,40,1,0.12,0.63,,,50,0.8,1.4,1.43,5,,,,,,,
D:ULT:tapestry,만사직조,D,,L,소,Y,기술,zone,5,0.83,20,1,0.2,0.5,,,50,0,9,0.5,6,,,,4.8,,,
D:ULT:tapestry,만사직조,D,,L,중,,기술,zone,8,1.33,20,1,0.2,0.5,,,50,0,9,0.5,6,,,,4.8,,,
D:ULT:communion,만월 성찬,D,,M,중,,기술,circle,8,0.53,75,1,0.2,1.02,,,50,1.4,6,2.42,15,,,,,,,
D:ULT:communion,만월 성찬,D,,M,대,,기술,circle,11,0.73,83,1,0.2,1.02,,,50,1.4,8,2.42,15,,,,,,,
D:ULT:communion,만월 성찬,D,,M,특대,Y,궁극,circle,15,1,245,1,0.6,2.02,,,50,0.4,게이지,2.42,15,,,,,,,
D:PROJ:echo,메아리 구슬,D,,L,소,Y,기술,circle,5,1,68,1,0.2,0.05,19.18,-0.16,38,0,6,0.05,5,knock:10,,,,,,
D:PROJ:echo,메아리 구슬,D,,L,중,,기술,circle,8,1.6,75,1,0.2,0.05,30.69,-0.16,50,0,6,0.05,5,knock:10,,,,,,
D:ULT:myeongjul,명줄 결박,D,,L,소,,기본,circle,5,0.77,40,1,0.12,0.72,,,50,1,1.4,1.72,6.5,,,,,,,
D:ULT:myeongjul,명줄 결박,D,,L,중,Y,기술,circle,8,1.23,75,1,0.2,1.02,,,50,0.7,6,1.72,6.5,,,,,,,
D:ULT:bloom,몽환 개화,D,,L,소,,기본,circle,5,0.56,40,1,0.12,0.6,,,50,0.65,1.4,1.25,9,,,,,,,
D:ULT:bloom,몽환 개화,D,,L,중,Y,기술,circle,8,0.89,75,1,0.2,1,,,50,0.25,6,1.25,9,,,,,,,
D:ULT:bloom,몽환 개화,D,,L,대,,기술,circle,11,1.22,83,1,0.2,1,,,50,0.25,8,1.25,9,,,,,,,
D:PROJ:vortex,몽환 소용돌이,D,,L,소,Y,기술,circle,5,1,68,1,0.2,0.05,19.05,-0.18,38,0,6,0.05,5,knock:10,,,,,,
D:PROJ:vortex,몽환 소용돌이,D,,L,중,,기술,circle,8,1.6,75,1,0.2,0.05,30.48,-0.18,50,0,6,0.05,5,knock:10,,,,,,
D:PROJ:ink,묵룡비,D,,L,소,Y,기술,circle,5,1.25,68,1,0.2,0.9,,,50,0,6,0.9,4,,,,,,,
D:ULT:firefly,반딧불 결계,D,,M,소,,기술,zone,5,0.63,20,1,0.2,0.3,,,50,0,9,0.3,8,,,,5,,,
D:ULT:firefly,반딧불 결계,D,,M,중,Y,기술,zone,8,1,20,1,0.2,0.3,,,50,0,9,0.3,8,,,,5,,,
D:ULT:firefly,반딧불 결계,D,,M,대,,기술,zone,11,1.38,20,1,0.2,0.3,,,50,0,9,0.3,8,,,,5,,,
D:PROJ:tiger,백호질풍,D,,L,소,Y,기술,circle,5,1,68,1,0.2,0.9,,,50,0,6,0.9,5,,,,,,,
D:ULT:boltstrike,벼락 낙뢰,D,,H,중,,기술,circle,8,0.57,75,1,0.2,0.5,,,50,0,6,0.5,14,expose:3,,,,,,
D:ULT:boltstrike,벼락 낙뢰,D,,H,대,,기술,circle,11,0.79,83,1,0.2,0.5,,,50,0,8,0.5,14,expose:3,,,,,,
D:ULT:boltstrike,벼락 낙뢰,D,,H,특대,Y,궁극,circle,15,1.07,245,1,0.6,0.5,,,50,0,게이지,0.5,14,expose:3,,,,,,
D:PROJ:starrain,별비,D,,L,소,Y,기술,circle,5,1,68,1,0.2,1,,,50,0.6,6,1.6,5,,,,,,,
D:PROJ:starrain,별비,D,,L,중,,기술,circle,8,1.6,75,1,0.2,1,,,50,0.6,6,1.6,5,,,,,,,
D:PROJ:talisbarrage,부적난무,D,,L,소,Y,기본,circle,5,1.25,40,1,0.12,0.6,,,50,0.9,1.4,1.5,4,,,,,,,
D:PROJ:clonedagger,분신비수,D,,L,소,Y,기본,circle,3,1,40,1,0.12,0.62,,,50,0.2,1.4,0.82,3,,,,,,,
D:ULT:fireworks,불꽃놀이 대전,D,,L,소,Y,기본,circle,5,0.83,40,1,0.12,0.6,,,50,0.4,1.4,1,6,burn:3,,,,,,
D:ULT:fireworks,불꽃놀이 대전,D,,L,중,,기술,circle,8,1.33,75,1,0.2,1,,,50,0,6,1,6,burn:3,,,,,,
D:PROJ:glacier,빙하창,D,,M,소,,기술,circle,5,0.5,68,1,0.2,0.05,11.57,-0.05,23,0,6,0.05,10,slow:3,,,,,,
D:PROJ:glacier,빙하창,D,,M,중,,기술,circle,8,0.8,75,1,0.2,0.05,18.51,-0.05,37,0,6,0.05,10,slow:3,,,,,,
D:PROJ:glacier,빙하창,D,,M,대,Y,기술,circle,11,1.1,83,1,0.2,0.05,25.45,-0.05,50,0,8,0.05,10,slow:3,,,,,,
D:PROJ:glacier,빙하창,D,,M,특대,,궁극,circle,15,1.5,245,1,0.6,0.05,34.71,-0.05,50,0,게이지,0.05,10,slow:3,,,,,,
D:ULT:binghwajin,빙화진,D,,L,소,Y,기술,zone,5,1,20,1,0.2,0.5,,,50,0.7,9,1.2,5,slow:3,,,2.5,,,
D:PROJ:corallance,산호극창,D,,L,소,Y,기본,circle,5,1.25,40,1,0.12,0.05,47.3,-0.14,50,0,1.4,0.05,4,,,,,,,
D:ULT:cybereq,성률진,D,,L,중,Y,기술,zone,7,1,20,1,0.2,0.3,,,50,0,9,0.3,7,knock:10,,,4.3,,,
D:PROJ:satellite,성숙위성,D,,L,소,Y,기본,circle,5,1,40,1,0.12,0.65,,,50,0.5,1.4,1.15,5,,,,,,,
D:PROJ:satellite,성숙위성,D,,L,중,,기술,circle,8,1.6,75,1,0.2,1.05,,,50,0.1,6,1.15,5,,,,,,,
D:PROJ:nebula,성운구,D,,L,소,,기술,circle,5,0.67,68,1,0.2,0.05,11.37,-0.19,23,0,6,0.05,7.5,,,,,,,
D:PROJ:nebula,성운구,D,,L,중,Y,기술,circle,8,1.07,75,1,0.2,0.05,18.16,-0.19,36,0,6,0.05,7.5,,,,,,,
D:PROJ:nebula,성운구,D,,L,대,,기술,circle,11,1.47,83,1,0.2,0.05,24.95,-0.19,50,0,8,0.05,7.5,,,,,,,
D:ULT:whale,성좌 고래,D,,L,중,,기술,circle,8,0.73,75,1,0.2,1.45,,,50,2.15,6,3.6,11,,,,,,,
D:ULT:whale,성좌 고래,D,,L,대,Y,기술,circle,11,1,83,1,0.2,1.45,,,50,2.15,8,3.6,11,,,,,,,
D:ULT:whale,성좌 고래,D,,L,특대,,궁극,circle,15,1.36,245,1,0.6,2,,,50,1.6,게이지,3.6,11,,,,,,,
D:ULT:genesis,성진 개화,D,,H,중,,기술,circle,8,0.53,75,1,0.2,1.03,,,50,0.75,6,1.78,15,,,,,,,
D:ULT:genesis,성진 개화,D,,H,대,,기술,circle,11,0.73,83,1,0.2,1.03,,,50,0.75,8,1.78,15,,,,,,,
D:ULT:genesis,성진 개화,D,,H,특대,Y,궁극,circle,15,1,245,1,0.6,1.78,,,50,0,게이지,1.78,15,,,,,,,
D:ULT:chrono,시간 성역,D,,L,소,,기술,zone,5,0.56,20,1,0.2,0.3,,,50,0,9,0.3,9,slow:3,,,4.3,,,
D:ULT:chrono,시간 성역,D,,L,중,Y,기술,zone,8,0.89,20,1,0.2,0.3,,,50,0,9,0.3,9,slow:3,,,4.3,,,
D:ULT:chrono,시간 성역,D,,L,대,,기술,zone,11,1.22,20,1,0.2,0.3,,,50,0,9,0.3,9,slow:3,,,4.3,,,
D:ULT:blight,시든 세계,D,,M,소,,기술,circle,5,0.5,68,1,0.2,1.3,,,50,1.9,6,3.2,10,,,,,,,
D:ULT:blight,시든 세계,D,,M,중,,기술,circle,8,0.8,75,1,0.2,1.3,,,50,1.9,6,3.2,10,,,,,,,
D:ULT:blight,시든 세계,D,,M,대,Y,기술,circle,11,1.1,83,1,0.2,1.3,,,50,1.9,8,3.2,10,,,,,,,
D:ULT:blight,시든 세계,D,,M,특대,,궁극,circle,15,1.5,245,1,0.6,2,,,50,1.2,게이지,3.2,10,,,,,,,
D:PROJ:umbral,식흔창,D,,L,소,,기술,circle,5,0.56,68,1,0.2,0.1,14,,28,0.15,6,0.25,9,,,,,,,
D:PROJ:umbral,식흔창,D,,L,중,Y,기술,circle,8,0.89,75,1,0.2,0.15,22.25,,45,0.1,6,0.25,9,,,,,,,
D:PROJ:umbral,식흔창,D,,L,대,,기술,circle,11,1.22,83,1,0.2,0.25,30.5,,50,0,8,0.25,9,,,,,,,
D:ULT:judgment,아르카눔 심판,D,,M,중,,기술,circle,8,0.67,75,1,0.2,1,,,50,0.3,6,1.3,12,,,,,,,
D:ULT:judgment,아르카눔 심판,D,,M,대,Y,기술,circle,11,0.92,83,1,0.2,1,,,50,0.3,8,1.3,12,,,,,,,
D:ULT:judgment,아르카눔 심판,D,,M,특대,,궁극,circle,15,1.25,245,1,0.6,1.3,,,50,0,게이지,1.3,12,,,,,,,
D:ULT:nightmare,악몽 잠식,D,,M,중,,기술,circle,8,0.73,75,1,0.2,1,,,50,0.7,6,1.7,11,curse:2,,,,,,
D:ULT:nightmare,악몽 잠식,D,,M,대,Y,기술,circle,11,1,83,1,0.2,1,,,50,0.7,8,1.7,11,curse:2,,,,,,
D:ULT:nightmare,악몽 잠식,D,,M,특대,,궁극,circle,15,1.36,245,1,0.6,1.7,,,50,0,게이지,1.7,11,curse:2,,,,,,
D:ULT:reflux,역류,D,,H,중,,기술,circle,8,0.53,75,1,0.2,1.1,,,50,1.55,6,2.65,15,slow:3,,,,,,
D:ULT:reflux,역류,D,,H,대,,기술,circle,11,0.73,83,1,0.2,1.1,,,50,1.55,8,2.65,15,slow:3,,,,,,
D:ULT:reflux,역류,D,,H,특대,Y,궁극,circle,15,1,245,1,0.6,2.05,,,50,0.6,게이지,2.65,15,slow:3,,,,,,
D:PROJ:plague,역병구,D,,L,소,Y,기술,circle,5,0.83,68,1,0.2,0.05,13.28,-0.22,27,0,6,0.05,6,,,,,,,
D:PROJ:plague,역병구,D,,L,중,,기술,circle,8,1.33,75,1,0.2,0.05,21.28,-0.22,43,0,6,0.05,6,,,,,,,
D:ULT:retrograde_eclipse,역행식 · 이식 비교,D,,H,대,Y,기술,zone,12,1,20,1,0.2,0.2,,,50,0,9,0.2,12,slow:3,,,5,,,
D:ULT:lotus_eclipse,연화 · 이식 비교,D,,M,소,Y,기본,circle,5,1,40,1,0.12,0.6,,,50,0.9,1.4,1.5,5,,,,,,,
D:ULT:zerodomain,영도 결계,D,,M,소,,기술,zone,5,0.5,20,1,0.2,0.3,,,50,0,9,0.3,10,slow:3,,,4.8,,,
D:ULT:zerodomain,영도 결계,D,,M,중,,기술,zone,8,0.8,20,1,0.2,0.3,,,50,0,9,0.3,10,slow:3,,,4.8,,,
D:ULT:zerodomain,영도 결계,D,,M,대,Y,기술,zone,11,1.1,20,1,0.2,0.3,,,50,0,9,0.3,10,slow:3,,,4.8,,,
D:ULT:zerodomain,영도 결계,D,,M,특대,,궁극,zone,15,1.5,45,1,0.6,0.3,,,50,0,게이지,0.3,10,slow:3,,,4.8,,,
D:PROJ:ohaeng,오행진,D,,L,소,Y,기본,circle,5,0.83,40,1,0.12,0.63,,,50,0.2,1.4,0.83,6,,,,,,,
D:PROJ:ohaeng,오행진,D,,L,중,,기술,circle,8,1.33,75,1,0.2,0.83,,,50,0,6,0.83,6,,,,,,,
D:ULT:yonggungmun,용궁문,D,,L,소,Y,기술,circle,4,1,65,1,0.2,1,,,50,1.5,6,2.5,4,slow:2,,,,,,
D:PROJ:lavabolt,용암탄,D,,L,소,,기술,circle,5,0.71,68,1,0.2,0.05,17.75,-0.15,36,0,6,0.05,7,burn:3,,,,,,
D:PROJ:lavabolt,용암탄,D,,L,중,Y,기술,circle,8,1.14,75,1,0.2,0.05,28.5,-0.15,50,0,6,0.05,7,burn:3,,,,,,
D:PROJ:lavabolt,용암탄,D,,L,대,,기술,circle,11,1.57,83,1,0.2,0.05,39.25,-0.15,50,0,8,0.05,7,burn:3,,,,,,
D:PROJ:moonarrow,월광 화살,D,,L,소,,기본,circle,5,0.77,40,1,0.12,0.05,26.3,-0.12,50,0,1.4,0.05,6.5,,,,,,,
D:PROJ:moonarrow,월광 화살,D,,L,중,Y,기술,circle,8,1.23,75,1,0.2,0.05,42,-0.12,50,0,6,0.05,6.5,,,,,,,
D:PROJ:wisp,위습,D,,L,소,Y,기술,circle,3,1,63,1,0.2,0.05,8,-0.32,16,0,6,0.05,3,,,,,,,
D:PROJ:comet,유성,D,,M,소,,기술,circle,5,0.53,68,1,0.2,0.05,21.2,-0.12,42,0,6,0.05,9.5,,,,,,,
D:PROJ:comet,유성,D,,M,중,,기술,circle,8,0.84,75,1,0.2,0.05,33.6,-0.12,50,0,6,0.05,9.5,,,,,,,
D:PROJ:comet,유성,D,,M,대,Y,기술,circle,11,1.16,83,1,0.2,0.05,46.4,-0.12,50,0,8,0.05,9.5,,,,,,,
D:PROJ:comet,유성,D,,M,특대,,궁극,circle,15,1.58,245,1,0.6,0.05,63.2,-0.12,50,0,게이지,0.05,9.5,,,,,,,
D:ULT:meteor,유성 폭풍,D,,L,소,Y,기술,circle,5,1,68,1,0.2,1.6,,,50,2.4,6,4,5,,,,,,,
D:ULT:galaxykoi,은하 잉어떼,D,,L,중,Y,기술,circle,8,1,75,1,0.2,1.1,,,50,1.6,6,2.7,8,,,,,,,
D:PROJ:solar,일륜,D,,L,소,,기술,circle,5,0.67,68,1,0.2,0.05,15.5,-0.15,31,0,6,0.05,7.5,,,,,,,
D:PROJ:solar,일륜,D,,L,중,Y,기술,circle,8,1.07,75,1,0.2,0.05,24.76,-0.15,50,0,6,0.05,7.5,,,,,,,
D:PROJ:solar,일륜,D,,L,대,,기술,circle,11,1.47,83,1,0.2,0.05,34.02,-0.15,50,0,8,0.05,7.5,,,,,,,
D:PROJ:magnetar,자철참,D,,L,소,Y,기술,circle,3,1,63,1,0.2,0.06,20.9,,42,0.05,6,0.11,3,knock:12,,,,,,
D:PROJ:blink,잔영일도,D,,L,소,Y,기본,circle,5,1,40,1,0.12,0.35,,,50,0,1.4,0.35,5,,,,,,,
D:PROJ:blink,잔영일도,D,,L,중,,기술,circle,8,1.6,75,1,0.2,0.35,,,50,0,6,0.35,5,,,,,,,
D:PROJ:curse,저주가시,D,,L,소,Y,기술,circle,5,1,68,1,0.2,0.05,21.05,-0.17,42,0,6,0.05,5,curse:2,,,,,,
D:PROJ:curse,저주가시,D,,L,중,,기술,circle,8,1.6,75,1,0.2,0.05,33.68,-0.17,50,0,6,0.05,5,curse:2,,,,,,
D:PROJ:butterfly,정령 나비,D,,L,소,Y,기술,circle,3,1,63,1,0.2,0.05,7.51,-0.35,15,0,6,0.05,3,,,,,,,
D:PROJ:cheoyong,정우진,D,,L,중,Y,기술,zone,8,1,20,1,0.2,0.3,,,50,0,9,0.3,8,slow:3,,,4.8,,,
D:ULT:gravityflip,중력반전 몽환결계,D,,L,중,Y,기술,zone,8,1,20,1,0.2,0.55,,,50,0.15,9,0.7,8,knock:12,,,2.5,,,
D:ULT:resonance,창궁의 파문,D,,M,소,,기술,zone,5,0.5,20,1,0.2,0.4,,,50,0,9,0.4,10,knock:10,,,4.5,,,
D:ULT:resonance,창궁의 파문,D,,M,중,,기술,zone,8,0.8,20,1,0.2,0.4,,,50,0,9,0.4,10,knock:10,,,4.5,,,
D:ULT:resonance,창궁의 파문,D,,M,대,Y,기술,zone,11,1.1,20,1,0.2,0.4,,,50,0,9,0.4,10,knock:10,,,4.5,,,
D:ULT:resonance,창궁의 파문,D,,M,특대,,궁극,zone,15,1.5,45,1,0.6,0.4,,,50,0,게이지,0.4,10,knock:10,,,4.5,,,
D:ULT:chaoscore,창세염핵,D,,L,대,Y,기술,circle,10,1,80,1,0.2,1.35,,,50,1.95,8,3.3,10,burn:3,,,,,,
D:PROJ:genesis,창세제일광,D,,L,소,,기본,circle,5,0.71,40,1,0.12,0.6,,,50,0.7,1.4,1.3,7,,,,,,,
D:PROJ:genesis,창세제일광,D,,L,중,Y,기술,circle,8,1.14,75,1,0.2,1,,,50,0.3,6,1.3,7,,,,,,,
D:PROJ:genesis,창세제일광,D,,L,대,,기술,circle,11,1.57,83,1,0.2,1,,,50,0.3,8,1.3,7,,,,,,,
D:ULT:lotus,천개연화강림,D,,H,중,,기술,circle,8,0.62,75,1,0.2,1.03,,,50,0.3,6,1.33,13,,,,,,,
D:ULT:lotus,천개연화강림,D,,H,대,,기술,circle,11,0.85,83,1,0.2,1.03,,,50,0.3,8,1.33,13,,,,,,,
D:ULT:lotus,천개연화강림,D,,H,특대,Y,궁극,circle,15,1.15,245,1,0.6,1.33,,,50,0,게이지,1.33,13,,,,,,,
D:ULT:cheonmyeong,천명강림,D,,L,소,Y,기술,zone,5,1,20,1,0.2,0.65,,,50,0.95,9,1.6,5,,,,3.9,,,
D:ULT:relicjade,천안옥,D,,L,소,Y,기술,zone,6,1,20,1,0.2,0.5,,,50,0,9,0.5,6,,,,4,,,
D:PROJ:chohon,초혼풍,D,,L,소,,기본,circle,5,0.63,40,1,0.12,0.3,,,50,0,1.4,0.3,8,,,,,,,
D:PROJ:chohon,초혼풍,D,,L,중,Y,기술,circle,8,1,75,1,0.2,0.3,,,50,0,6,0.3,8,,,,,,,
D:PROJ:chohon,초혼풍,D,,L,대,,기술,circle,11,1.38,83,1,0.2,0.3,,,50,0,8,0.3,8,,,,,,,
D:ULT:rootascend,태고근 강림,D,,L,소,Y,기술,circle,5,0.83,68,1,0.2,1.17,,,50,1.65,6,2.82,6,,,,,,,
D:ULT:rootascend,태고근 강림,D,,L,중,,기술,circle,8,1.33,75,1,0.2,1.17,,,50,1.65,6,2.82,6,,,,,,,
D:PROJ:gearchain,태엽쇄창,D,,L,소,Y,기본,circle,3,1,40,1,0.12,0.6,,,50,0.7,1.4,1.3,3,,,,,,,
D:PROJ:singularity,특이점탄,D,,M,중,,기술,circle,8,0.73,75,1,0.2,0.05,13.18,-0.01,26,0,6,0.05,11,knock:12,,,,,,
D:PROJ:singularity,특이점탄,D,,M,대,Y,기술,circle,11,1,83,1,0.2,0.05,18.06,-0.01,36,0,8,0.05,11,knock:12,,,,,,
D:PROJ:singularity,특이점탄,D,,M,특대,,궁극,circle,15,1.36,245,1,0.6,0.05,24.56,-0.01,49,0,게이지,0.05,11,knock:12,,,,,,
D:PROJ:bagua,팔괘진,D,,M,소,Y,기본,circle,5,0.83,40,1,0.12,0.2,,,50,0,1.4,0.2,6,,,,,,,
D:PROJ:bagua,팔괘진,D,,M,중,,기술,circle,8,1.33,75,1,0.2,0.2,,,50,0,6,0.2,6,,,,,,,
D:PROJ:windchime,풍경음창,D,,L,소,Y,기본,circle,5,1.25,40,1,0.12,0.05,43.21,-0.13,50,0,1.4,0.05,4,knock:10,,,,,,
D:PROJ:crane,학검무,D,,L,소,Y,기술,circle,5,1,68,1,0.2,0.98,,,50,0,6,0.98,5,,,,,,,
D:PROJ:crane,학검무,D,,L,중,,기술,circle,8,1.6,75,1,0.2,0.98,,,50,0,6,0.98,5,,,,,,,
D:ULT:haetae,해태의 심판,D,,L,소,,기술,circle,5,0.5,68,1,0.2,1.02,,,50,0.5,6,1.52,10,,,,,,,
D:ULT:haetae,해태의 심판,D,,L,중,,기술,circle,8,0.8,75,1,0.2,1.02,,,50,0.5,6,1.52,10,,,,,,,
D:ULT:haetae,해태의 심판,D,,L,대,Y,기술,circle,11,1.1,83,1,0.2,1.02,,,50,0.5,8,1.52,10,,,,,,,
D:ULT:haetae,해태의 심판,D,,L,특대,,궁극,circle,15,1.5,245,1,0.6,1.52,,,50,0,게이지,1.52,10,,,,,,,
D:PROJ:hyeonmu,현무결계,D,,M,중,,기술,circle,8,0.73,75,1,0.2,1.02,,,50,1.35,6,2.37,11,,,,,,,
D:PROJ:hyeonmu,현무결계,D,,M,대,Y,기술,circle,11,1,83,1,0.2,1.02,,,50,1.35,8,2.37,11,,,,,,,
D:PROJ:hyeonmu,현무결계,D,,M,특대,,궁극,circle,15,1.36,245,1,0.6,2.02,,,50,0.35,게이지,2.37,11,,,,,,,
D:PROJ:flamelance,화염창,D,,L,소,,기술,circle,5,0.56,68,1,0.2,0.05,14,-0.15,28,0,6,0.05,9,burn:3,,,,,,
D:PROJ:flamelance,화염창,D,,L,중,Y,기술,circle,8,0.89,75,1,0.2,0.05,22.25,-0.15,45,0,6,0.05,9,burn:3,,,,,,
D:PROJ:flamelance,화염창,D,,L,대,,기술,circle,11,1.22,83,1,0.2,0.05,30.5,-0.15,50,0,8,0.05,9,burn:3,,,,,,
D:PROJ:hwau,화우산화,D,,M,소,Y,기본,circle,5,0.83,40,1,0.12,0.6,,,50,0.4,1.4,1,6,burn:3,,,,,,
D:PROJ:hwau,화우산화,D,,M,중,,기술,circle,8,1.33,75,1,0.2,1,,,50,0,6,1,6,burn:3,,,,,,
RJ:mirror_wraith,거울 망령 · 반사 속의 존재,RJ,,L,소,Y,기술,circle,5,0.83,68,1,0.2,1.15,,,50,1.7,6,2.85,6,,,,,,,
RJ:mirror_wraith,거울 망령 · 반사 속의 존재,RJ,,L,중,,기술,circle,8,1.33,75,1,0.2,1.15,,,50,1.7,6,2.85,6,,,,,,,
VA:shatter_nova,결정 파쇄성 · 자수정 충격 폭산,VA,,L,소,Y,기술,circle,5,0.83,68,1,0.2,1.03,,,50,0.3,6,1.33,6,,,,,,,
VA:shatter_nova,결정 파쇄성 · 자수정 충격 폭산,VA,,L,중,,기술,circle,8,1.33,75,1,0.2,1.03,,,50,0.3,6,1.33,6,,,,,,,
RJ:void_singularity,공허 특이점 · 중력 렌즈,RJ,,L,소,,기술,circle,5,0.63,68,1,0.2,1.48,,,50,2.2,6,3.68,8,knock:12,,,,,,
RJ:void_singularity,공허 특이점 · 중력 렌즈,RJ,,L,중,Y,기술,circle,8,1,75,1,0.2,1.48,,,50,2.2,6,3.68,8,knock:12,,,,,,
RJ:void_singularity,공허 특이점 · 중력 렌즈,RJ,,L,대,,기술,circle,11,1.38,83,1,0.2,1.48,,,50,2.2,8,3.68,8,knock:12,,,,,,
VA:radiant_skyfall,광휘 추락 · 광주 낙하,VA,,M,소,,기술,circle,5,0.56,68,2,0.2,1.03,,,50,0.3,6,1.33,9,,,,,,,
VA:radiant_skyfall,광휘 추락 · 광주 낙하,VA,,M,중,Y,기술,circle,8,0.89,75,2,0.2,1.03,,,50,0.3,6,1.33,9,,,,,,,
VA:radiant_skyfall,광휘 추락 · 광주 낙하,VA,,M,대,,기술,circle,11,1.22,83,2,0.2,1.03,,,50,0.3,8,1.33,9,,,,,,,
VA:nine_tail_veil,구미호 · 아홉 꼬리,VA,,L,소,Y,기술,circle,3,1,63,3,0.2,1.03,,,50,0.3,6,1.33,3,,,,,,,
RJ:data_rift,데이터 균열 · 공간 절개,RJ,,L,소,,기술,circle,5,0.71,68,1,0.2,1.23,,,50,1.8,6,3.03,7,,,,,,,
RJ:data_rift,데이터 균열 · 공간 절개,RJ,,L,중,Y,기술,circle,8,1.14,75,1,0.2,1.23,,,50,1.8,6,3.03,7,,,,,,,
RJ:data_rift,데이터 균열 · 공간 절개,RJ,,L,대,,기술,circle,11,1.57,83,1,0.2,1.23,,,50,1.8,8,3.03,7,,,,,,,
VA:marimba_steps,마림바 계단 · 음계 도약,VA,,L,소,Y,기술,circle,5,0.83,68,1,0.2,1.03,,,50,0.3,6,1.333,6,,,,,,,
VA:marimba_steps,마림바 계단 · 음계 도약,VA,,L,중,,기술,circle,8,1.33,75,1,0.2,1.03,,,50,0.3,6,1.333,6,,,,,,,
RJ:demon_gate,마왕 강림 · 칠망성 개문,RJ,,L,소,,기술,circle,5,0.56,68,1,0.2,1.3,,,50,1.9,6,3.2,9,,,,,,,
RJ:demon_gate,마왕 강림 · 칠망성 개문,RJ,,L,중,Y,기술,circle,8,0.89,75,1,0.2,1.3,,,50,1.9,6,3.2,9,,,,,,,
RJ:demon_gate,마왕 강림 · 칠망성 개문,RJ,,L,대,,기술,circle,11,1.22,83,1,0.2,1.3,,,50,1.9,8,3.2,9,,,,,,,
RJ:ink_dragon,묵룡 · 일필휘지,RJ,,L,소,,기술,circle,5,0.56,68,1,0.2,1.3,,,50,1.95,6,3.25,9,,,,,,,
RJ:ink_dragon,묵룡 · 일필휘지,RJ,,L,중,Y,기술,circle,8,0.89,75,1,0.2,1.3,,,50,1.95,6,3.25,9,,,,,,,
RJ:ink_dragon,묵룡 · 일필휘지,RJ,,L,대,,기술,circle,11,1.22,83,1,0.2,1.3,,,50,1.95,8,3.25,9,,,,,,,
VA:crimson_maelstrom,묵혈 와류 · 먹빛 소용돌이,VA,,M,소,,기술,circle,5,0.56,68,1,0.2,1.03,,,50,0.3,6,1.33,9,,,,,,,
VA:crimson_maelstrom,묵혈 와류 · 먹빛 소용돌이,VA,,M,중,Y,기술,circle,8,0.89,75,1,0.2,1.03,,,50,0.3,6,1.33,9,,,,,,,
VA:crimson_maelstrom,묵혈 와류 · 먹빛 소용돌이,VA,,M,대,,기술,circle,11,1.22,83,1,0.2,1.03,,,50,0.3,8,1.33,9,,,,,,,
VA:arcane_seal,봉인 법진 · 관통 뇌격,VA,,L,소,Y,기술,circle,5,1,68,1,0.2,1.03,,,50,0.3,6,1.33,5,,,,,,,
VA:arcane_seal,봉인 법진 · 관통 뇌격,VA,,L,중,,기술,circle,8,1.6,75,1,0.2,1.03,,,50,0.3,6,1.33,5,,,,,,,
RJ:bujeok_seal,부적 봉인 · 백장 결박,RJ,,L,소,Y,기술,circle,5,1,68,2,0.2,1,,,50,1.5,6,2.5,5,,,,,,,
RJ:bujeok_seal,부적 봉인 · 백장 결박,RJ,,L,중,,기술,circle,8,1.6,75,2,0.2,1,,,50,1.5,6,2.5,5,,,,,,,
RJ:phoenix_rebirth,불사조 · 재에서의 부활,RJ,,L,소,Y,기술,circle,5,0.83,68,2,0.2,1.15,,,50,1.65,6,2.8,6,burn:3,,,,,,
RJ:phoenix_rebirth,불사조 · 재에서의 부활,RJ,,L,중,,기술,circle,8,1.33,75,2,0.2,1.15,,,50,1.65,6,2.8,6,burn:3,,,,,,
RJ:sand_colossus,사신수 · 모래 거인의 손,RJ,,H,소,Y,기술,circle,5,1,68,1,0.2,1.28,,,50,1.8,6,3.08,5,,,,,,,
RJ:sand_colossus,사신수 · 모래 거인의 손,RJ,,H,중,,기술,circle,8,1.6,75,1,0.2,1.28,,,50,1.8,6,3.08,5,,,,,,,
VA:rime_bloom,서리 결정 · 빙화 개화,VA,,L,소,Y,기술,circle,5,1,68,2,0.2,1.03,,,50,0.3,6,1.33,5,slow:3,,,,,,
VA:rime_bloom,서리 결정 · 빙화 개화,VA,,L,중,,기술,circle,8,1.6,75,2,0.2,1.03,,,50,0.3,6,1.33,5,slow:3,,,,,,
VA:astral_bloom,성운 개화 · 성진 폭산,VA,,L,소,,기술,circle,5,0.63,68,1,0.2,1.03,,,50,0.3,6,1.33,8,,,,,,,
VA:astral_bloom,성운 개화 · 성진 폭산,VA,,L,중,Y,기술,circle,8,1,75,1,0.2,1.03,,,50,0.3,6,1.33,8,,,,,,,
VA:astral_bloom,성운 개화 · 성진 폭산,VA,,L,대,,기술,circle,11,1.38,83,1,0.2,1.03,,,50,0.3,8,1.33,8,,,,,,,
VA:galaxy_lance,성하 관통창 · 은하 광창,VA,,L,중,Y,기술,beam,4,1,60,3,0.2,1.03,,,55,0.3,6,1.33,4,,,,,,,
RJ:crystal_bloom,수정 개화 · 공명 파쇄,RJ,,M,소,Y,기술,circle,5,0.83,68,1,0.2,1.37,,,50,2.05,6,3.42,6,,,,,,,
RJ:crystal_bloom,수정 개화 · 공명 파쇄,RJ,,M,중,,기술,circle,8,1.33,75,1,0.2,1.37,,,50,2.05,6,3.42,6,,,,,,,
RJ:chrono_stasis,시간 정지 · 역행의 역설,RJ,,L,소,Y,기술,circle,5,0.83,68,3,0.2,1,,,50,0.25,6,1.25,6,slow:3,,,,,,
RJ:chrono_stasis,시간 정지 · 역행의 역설,RJ,,L,중,,기술,circle,8,1.33,75,3,0.2,1,,,50,0.25,6,1.25,6,slow:3,,,,,,
RJ:abyssal_tide,심연 해일 · 해신의 문,RJ,,M,중,,기술,circle,8,0.73,75,2,0.2,1.05,,,50,1.55,6,2.6,11,,,,,,,
RJ:abyssal_tide,심연 해일 · 해신의 문,RJ,,M,대,Y,기술,circle,11,1,83,2,0.2,1.05,,,50,1.55,8,2.6,11,,,,,,,
RJ:abyssal_tide,심연 해일 · 해신의 문,RJ,,M,특대,,궁극,circle,15,1.36,245,2,0.6,2,,,50,0.6,게이지,2.6,11,,,,,,,
VA:kraken_reach,심해 촉수 · 크라켄의 손길,VA,,L,소,,기술,circle,5,0.63,68,2,0.2,1.03,,,50,0.3,6,1.33,8,,,,,,,
VA:kraken_reach,심해 촉수 · 크라켄의 손길,VA,,L,중,Y,기술,circle,8,1,75,2,0.2,1.03,,,50,0.3,6,1.33,8,,,,,,,
VA:kraken_reach,심해 촉수 · 크라켄의 손길,VA,,L,대,,기술,circle,11,1.38,83,2,0.2,1.03,,,50,0.3,8,1.33,8,,,,,,,
RJ:domain_expansion,영역 전개 · 필중의 결계,RJ,,L,중,,기술,circle,8,0.53,75,1,0.2,1.25,,,50,1.85,6,3.1,15,,,,,,,
RJ:domain_expansion,영역 전개 · 필중의 결계,RJ,,L,대,,기술,circle,11,0.73,83,1,0.2,1.25,,,50,1.85,8,3.1,15,,,,,,,
RJ:domain_expansion,영역 전개 · 필중의 결계,RJ,,L,특대,Y,궁극,circle,15,1,245,1,0.6,2,,,50,1.1,게이지,3.1,15,,,,,,,
VA:solar_corona,일륜 광배 · 태양관,VA,,L,소,Y,기술,circle,5,0.83,68,1,0.2,1.03,,,50,0.3,6,1.33,6,,,,,,,
VA:solar_corona,일륜 광배 · 태양관,VA,,L,중,,기술,circle,8,1.33,75,1,0.2,1.03,,,50,0.3,6,1.33,6,,,,,,,
VA:violet_fault,자광 단층 · 지맥 분화,VA,,L,중,Y,기술,beam,4,1,60,2,0.2,1.03,,,55,0.3,6,1.33,4,,,,,,,
VA:heavens_verdict,천뢰 심판 · 반전 낙뢰,VA,,L,소,,기술,circle,5,0.63,68,2,0.2,1.03,,,50,0.3,6,1.33,8,expose:3,,,,,,
VA:heavens_verdict,천뢰 심판 · 반전 낙뢰,VA,,L,중,Y,기술,circle,8,1,75,2,0.2,1.03,,,50,0.3,6,1.33,8,expose:3,,,,,,
VA:heavens_verdict,천뢰 심판 · 반전 낙뢰,VA,,L,대,,기술,circle,11,1.38,83,2,0.2,1.03,,,50,0.3,8,1.33,8,expose:3,,,,,,
RJ:tesseract,초입방체 · 차원 붕괴,RJ,,L,소,Y,기술,circle,5,0.83,68,1,0.2,1.62,,,50,2.7,6,4.32,6,,,,,,,
RJ:tesseract,초입방체 · 차원 붕괴,RJ,,L,중,,기술,circle,8,1.33,75,1,0.2,1.62,,,50,2.7,6,4.32,6,,,,,,,
RJ:kernel_panic,커널 패닉 · 강제 삭제,RJ,,L,소,Y,기술,circle,5,1,68,2,0.2,1,,,50,0.25,6,1.25,5,,,,,,,
RJ:kernel_panic,커널 패닉 · 강제 삭제,RJ,,L,중,,기술,circle,8,1.6,75,2,0.2,1,,,50,0.25,6,1.25,5,,,,,,,
VA:combo_ladder,콤보 사다리 · 8연격,VA,,L,소,Y,기술,circle,3,1,63,8,0.2,1.03,,,50,0.3,6,1.333,3,,,,,,,
RJ:solar_flare,태양 폭발 · 코로나 질량 방출,RJ,,M,소,Y,기술,circle,5,1.25,68,2,0.2,1.12,,,50,1.6,6,2.72,4,,,,,,,
RJ:fujin_tempest,풍신 강림 · 천풍 회오리,RJ,,M,소,,기술,circle,5,0.5,68,1,0.2,1.38,,,50,1.95,6,3.33,10,,,,,,,
RJ:fujin_tempest,풍신 강림 · 천풍 회오리,RJ,,M,중,,기술,circle,8,0.8,75,1,0.2,1.38,,,50,1.95,6,3.33,10,,,,,,,
RJ:fujin_tempest,풍신 강림 · 천풍 회오리,RJ,,M,대,Y,기술,circle,11,1.1,83,1,0.2,1.38,,,50,1.95,8,3.33,10,,,,,,,
RJ:fujin_tempest,풍신 강림 · 천풍 회오리,RJ,,M,특대,,궁극,circle,15,1.5,245,1,0.6,2.03,,,50,1.3,게이지,3.33,10,,,,,,,
VA:soul_lantern,혼불 행렬 · 영등 부유,VA,,L,소,Y,기술,circle,5,1,68,1,0.2,1.03,,,50,0.3,6,1.33,5,,,,,,,
VA:soul_lantern,혼불 행렬 · 영등 부유,VA,,L,중,,기술,circle,8,1.6,75,1,0.2,1.03,,,50,0.3,6,1.33,5,,,,,,,
RJ:holo_legion,환영분신 · 홀로그램 검진,RJ,,L,소,Y,기술,circle,5,0.83,68,1,0.2,1.38,,,50,1.95,6,3.33,6,,,,,,,
RJ:holo_legion,환영분신 · 홀로그램 검진,RJ,,L,중,,기술,circle,8,1.33,75,1,0.2,1.38,,,50,1.95,6,3.33,6,,,,,,,
VA:wraith_choir,흑마법 망령 · 원혼 합창,VA,,L,소,Y,기술,circle,5,1.25,68,1,0.2,1.45,,,50,2.1,6,3.55,4,,,,,,,
FX-04,액체 화염 · 용융 초승달,FX,3,M,대,Y,기술,circle,11,0.44,83,1,0.2,1,,,50,0,8,1,25,burn:3,,,,,,
FX-04,액체 화염 · 용융 초승달,FX,3,M,특대,,궁극,circle,15,0.6,245,1,0.6,1,,,50,0,게이지,1,25,burn:3,,,,,,
V5-01,타이포 임팩트,FX,3,L,,Y,방어,shield,,,,1,0.1,0.2,,,,0,12,0.1,24.4,,,,4.3,50,5,
INT-03-G,슈퍼노바 · 금빛 잔재형,FX,3,L,중,,기술,circle,8,0.36,75,1,0.2,0.15,,,50,0,6,0.15,22,burn:3,,,,,,
INT-03-G,슈퍼노바 · 금빛 잔재형,FX,3,L,대,Y,기술,circle,11,0.5,83,1,0.2,0.15,,,50,0,8,0.15,22,burn:3,,,,,,
INT-03-G,슈퍼노바 · 금빛 잔재형,FX,3,L,특대,,궁극,circle,15,0.68,245,1,0.6,0.15,,,50,0,게이지,0.15,22,burn:3,,,,,,
FX-158,나선 에너지 랜스,FX,3,L,,Y,기술,beam,5,,70,1,0.2,0.74,,,30,0,6,0.74,,,,,,,,
FX-88,진홍 핵 절단,FX,3,L,소,,기본,circle,5,0.5,40,1,0.12,0.65,,,50,0.5,1.4,1.15,10,burn:3,,,,,,
FX-88,진홍 핵 절단,FX,3,L,중,,기술,circle,8,0.8,75,1,0.2,1.05,,,50,0.1,6,1.15,10,burn:3,,,,,,
FX-88,진홍 핵 절단,FX,3,L,대,Y,기술,circle,11,1.1,83,1,0.2,1.05,,,50,0.1,8,1.15,10,burn:3,,,,,,
FX-88,진홍 핵 절단,FX,3,L,특대,,궁극,circle,15,1.5,245,1,0.6,1.15,,,50,0,게이지,1.15,10,burn:3,,,,,,
C:FB_STRUCT:myco,발광 균사 결계,C,3,L,,Y,기술,deploy,12,,9,1,0.25,1,,,40,0,14,1,10.9,,토템,0.5,8.5,,,Y
D:STRUCT:obelisk,오벨리스크,D,3,L,,Y,기술,deploy,10,2.5,9,1,0.25,1,,,40,2,14,3.1,7,,토템,0.5,10,,,Y
D:STRUCT:fountain,마나 분수,D,3,L,,Y,기술,deploy,10,2.5,9,1,0.25,1,,,40,2,14,3,6.75,,토템,0.5,10,,,Y
D:STRUCT:ward,룬 결계,D,3,L,,Y,기술,deploy,12,2.5,9,1,0.25,1,,,40,0.2,14,1.2,9.5,,토템,0.5,10,,,Y
D:STRUCT:tree,달빛 나무,D,3,L,,Y,기술,deploy,8,2.5,9,1,0.25,0.2,,,40,0,14,0.1,5.25,,토템,0.5,10,,,Y
D:STRUCT:belfry,공명 종루,D,3,L,,Y,기술,deploy,12,2.5,9,1,0.25,1,,,40,1.7,14,2.7,19.5,,토템,0.5,10,,,Y
D:STRUCT:altar,태양 제단,D,3,L,,Y,기술,deploy,12,2.5,9,1,0.25,1,,,40,2,14,3.4,15.75,,토템,0.5,10,,,Y
D:STRUCT:lunar,월륜 첨탑,D,3,L,,Y,기술,deploy,12,2.5,9,1,0.25,1,,,40,1.4,14,2.4,12.5,,토템,0.5,10,,,Y
D:STRUCT:sanctum,암흑 성소,D,3,L,,Y,기술,deploy,12,2.5,9,1,0.25,0.5,,,40,0,14,0.5,15.25,,토템,0.5,10,,,Y
D:STRUCT:spire,수정 첨탑,D,3,L,,Y,기술,deploy,22,2.5,22,1,0.25,1,,,40,2,16,4.5,56.5,,포탑,0.8,10,,,Y
D:STRUCT:pylon,뇌전 첨주,D,3,L,,Y,기술,deploy,22,2.5,22,1,0.25,1,,,40,2,16,4.1,21.25,,포탑,0.8,8.5,,,Y
D:STRUCT:portal,포탈,D,3,L,,Y,기술,deploy,9,2.5,0,1,0.25,1,,,40,2,12,6.4,30,,관문,0.5,10,,3,Y
D:PROJ:lance,수평 관통 빔,D,3,L,소,Y,기술,circle,4,1,65,1,0.2,0.25,,,50,0,6,0.25,4,,,,,,,
D:ULT:inkfall,먹빛 강림,D,3,L,중,,기술,circle,8,0.67,75,1,0.2,1.6,,,50,2.8,6,4.4,12,,,,,,,
D:ULT:inkfall,먹빛 강림,D,3,L,대,Y,기술,circle,11,0.92,83,1,0.2,1.6,,,50,2.8,8,4.4,12,,,,,,,
D:ULT:inkfall,먹빛 강림,D,3,L,특대,,궁극,circle,15,1.25,245,1,0.6,2,,,50,2.4,게이지,4.4,12,,,,,,,
D:ULT:issen,일섬,D,3,M,소,Y,기술,circle,5,1,68,1,0.2,1,,,50,0,6,1,5,,,,,,,
D:ULT:crystalcage,수정뇌옥,D,3,L,소,Y,기술,circle,6,1,70,1,0.2,1,,,50,0.6,6,1.6,6,,,,,,,
D:ULT:waltz,선회 무곡,D,3,L,,Y,방어,shield,,,,1,0.1,0.6,,,,0,12,4.7,21,,,,5,50,5,
D:ULT:agwisasal,아귀사슬,D,4,L,소,Y,기술,circle,6,1,70,1,0.2,1,,,50,1,6,2,6,curse:2,,,,,,
D:ULT:mugeonbu,묵언부,D,3,L,소,Y,기술,circle,6,1,70,1,0.2,1.1,,,50,1.6,6,2.7,6,,,,,,,
C:F_PROJ:dat,사이버,C,3,M,,Y,기본,projectile,6,,40,1,0.12,0.5,,,50,0,1.4,2.3,6,,,,,,,
C:F_PROJ:irn,쇠창,C,3,L,,Y,기본,projectile,6,,40,1,0.12,0.5,,,50,0,1.4,2.3,6,knock:12,,,,,,
C:F_PROJ:mtx,매트릭스,C,3,L,,Y,기본,projectile,6,,40,1,0.12,0.5,,,50,0,1.4,2.3,6,,,,,,,
C:F_PROJ:gho,유령,C,3,L,,Y,기본,projectile,6,,40,1,0.12,0.5,,,50,0,1.4,2.3,6,,,,,,,
C:F_PROJ:qnt,양자,C,3,L,,Y,기본,projectile,6,,40,1,0.12,0.5,,,50,0,1.4,2.3,6,,,,,,,
C:F_PROJ:lqm,리퀴드메탈,C,3,L,,Y,기본,projectile,6,,40,1,0.12,0.5,,,50,0,1.4,2.3,6,knock:12,,,,,,
C:F_PROJ:sing,특이점 블랙홀,C,3,L,,Y,기본,projectile,4,,40,1,0.12,0.5,,,50,0,1.4,2.3,4,knock:12,,,,,,
C:F_PROJ:memo,메멘토 에코,C,3,L,,Y,기본,projectile,4,,40,1,0.12,0.5,,,50,0,1.4,2.3,4,slow:3,,,,,,
C:F_PROJ:frost,서리 심장,C,3,L,,Y,기본,projectile,4,,40,1,0.12,0.5,,,50,0,1.4,2.3,4,slow:3,,,,,,
C:F_PROJ:meteor,유성탄,C,3,L,,Y,기본,projectile,4,,40,1,0.12,0.5,,,50,0,1.4,2.3,4,,,,,,,
C:SF_PROJ:prs,크로마 프리즘,C,3,L,,Y,기술,projectile,7,,73,1,0.2,0.6,,,50,0,6,2.3,7,,,,,,,
C:SF_PROJ:eco,크로노 에코,C,3,L,,Y,기술,projectile,7,,73,1,0.2,0.6,,,50,0,6,2.3,7,slow:3,,,,,,
C:SF_PROJ:mtr,유성 파쇄체,C,3,L,,Y,기술,projectile,7,,73,1,0.2,0.6,,,50,0,6,2.3,7,,,,,,,
C:FB_PROJ:ori,종이학(오리가미),C,4,M,,Y,기술,projectile,8,,75,1,0.2,0.6,,,50,0,6,2.3,8,,,,,,,
C:FB_PROJ:bel,공명 범종,C,3,M,,Y,기술,projectile,8,,75,1,0.2,0.6,,,50,0,6,2.3,8,knock:10,,,,,,
C:F_STRUCT:bismuth,비스무트 결정,C,4,M,,Y,기술,deploy,6,,9,1,0.25,0.2,,,40,0,14,0.2,1.9,,토템,0.5,8,,,Y
C:F_STRUCT:tectonic,지각 융기(그을음) · C,C,4,L,특대,Y,궁극,circle,14,1,240,1,0.6,0.3,,,50,0,게이지,0.3,14,knock:12,,,,,,
C:F_STRUCT:talisman,음양 부적 관문,C,4,L,,Y,기술,deploy,9,,0,1,0.25,0.2,,,40,0,12,0.1,6.3,,관문,0.5,6,,3,Y
C:F_STRUCT:chain,진홍 사슬 결계,C,3,M,,Y,기술,deploy,10,,0,1,0.25,0.2,,,40,0,14,0.1,7.9,,방벽,0.5,5.5,60,,Y
C:F_STRUCT:gateway,양자 게이트웨이,C,3,L,,Y,기술,deploy,9,,0,1,0.25,1,,,40,0.1,12,1.1,5.6,,관문,0.5,10,,3,Y
C:F_STRUCT:icewall,극저온 빙벽,C,3,L,,Y,기술,deploy,9,,0,1,0.25,0.4,,,40,0,14,0.4,6.9,,방벽,0.5,5,60,,Y
C:F_STRUCT:turret,이지스 포탑,C,4,L,,Y,기술,deploy,22,,22,1,0.25,0.2,,,40,0,16,0.2,5.2,,포탑,0.8,10,,,Y
C:F_STRUCT:siphon,특이점 사이폰,C,4,L,,Y,기술,deploy,8,,9,1,0.25,1,,,40,0.9,14,1.9,4.8,,토템,0.5,10,,,Y
C:SF_STRUCT:pct,플라즈마 격리로,C,4,L,,Y,기술,deploy,11,,9,1,0.25,0.2,,,40,0,14,0.1,7.5,burn:3,토템,0.5,10,,,Y
C:SF_STRUCT:chr,시간 조절 장치,C,3,L,,Y,기술,deploy,9,,9,1,0.25,0.2,,,40,0,14,0.1,5.6,slow:3,토템,0.5,9,,,Y
C:SF_STRUCT:nfn,나노 조립 노드,C,3,L,,Y,기술,deploy,9,,9,1,0.25,0.2,,,40,0,14,0.1,6.1,,토템,0.5,10,,,Y
C:SF_STRUCT:snt,자율 감시 포탑,C,3,L,,Y,기술,deploy,22,,22,1,0.25,0.2,,,40,0,16,0.1,4,,포탑,0.8,10,,,Y
C:SF_STRUCT:hcb,홀로그램 지휘 비콘,C,4,L,,Y,기술,deploy,10,,9,1,0.25,0.2,,,40,0,14,0.1,6.6,,토템,0.5,10,,,Y
C:SF_STRUCT:ora,궤도 중계 첨탑,C,3,L,,Y,기술,deploy,8,,9,1,0.25,0.2,,,40,0,14,0.1,5,,토템,0.5,10,,,Y
C:SF_STRUCT:shd,위상 방어막,C,4,L,,Y,기술,deploy,11,,0,1,0.25,0.2,,,40,0,14,0.1,9.2,,방벽,0.5,8,60,,Y
C:SF_STRUCT:tsl,테슬라 아크 파일런,C,4,L,,Y,기술,deploy,10,,9,1,0.25,0.2,,,40,0,14,0.1,6.7,expose:3,토템,0.5,10,,,Y
C:SF_STRUCT:obl,궤도 타격 비콘,C,3,L,,Y,기술,deploy,7,,9,1,0.25,1,,,40,1.8,14,2.8,4.4,,토템,0.5,10,,,Y
C:SF_STRUCT:msd,매스 드라이버,C,4,L,,Y,기술,deploy,22,,22,1,0.25,0.2,,,40,0,16,0.1,7,,포탑,0.8,10,,,Y
C:SF_STRUCT:hlx,헬륨-3 채굴기,C,4,L,,Y,기술,deploy,11,,9,1,0.25,0.2,,,40,0,14,0.1,7.5,,토템,0.5,10,,,Y
C:FB_STRUCT:pagoda,천공 석탑,C,3,L,,Y,기술,deploy,12,,9,1,0.25,0.2,,,40,0,14,0.1,10.2,,토템,0.5,10,,,Y
C:FB_STRUCT:astro,천구의,C,3,L,,Y,기술,deploy,10,,9,1,0.25,0.2,,,40,0,14,0.1,6.7,,토템,0.5,10,,,Y
C:FB_STRUCT:loom,운명의 베틀,C,4,L,,Y,기술,deploy,8,,0,1,0.25,1,,,40,1.5,14,2.5,5,,방벽,0.5,10,60,,Y
C:FB_STRUCT:organ,수정 공명 오르간,C,3,L,,Y,기술,deploy,8,,9,1,0.25,1,,,40,0.4,14,1.4,4.6,,토템,0.5,10,,,Y
C:EXT_STRUCT:reactor,플라스마 발전소,C,4,L,,Y,기술,deploy,12,,9,1,0.25,1,,,40,0.5,14,1.5,12.1,burn:3,토템,0.5,10,,,Y
C:EXT_STRUCT:graphene,그래핀 방벽,C,5,L,,Y,기술,deploy,12,,0,1,0.25,0.8,,,40,0,14,0.8,11.2,,방벽,0.5,10,60,,Y
C:EXT_STRUCT:hologram,홀로그램 송출기,C,4,L,,Y,기술,deploy,10,,9,1,0.25,0.7,,,40,0,14,0.7,7.1,,토템,0.5,10,,,Y
C:EXT_STRUCT:chiral,카이랄 결정군,C,4,L,,Y,기술,deploy,12,,9,1,0.25,0.2,,,40,0,14,0.1,10.9,,토템,0.5,10,,,Y
C:EXT_STRUCT:anchor,중력 앵커,C,3,L,,Y,기술,deploy,12,,9,1,0.25,1,,,40,0.1,14,1.1,12.7,,토템,0.5,10,,,Y
C:EXT_STRUCT:rift,시공 균열,C,3,L,,Y,기술,deploy,9,,0,1,0.25,0.4,,,40,0,12,0.4,4.7,,관문,0.5,10,,3,Y
C:EXT_STRUCT:bio,바이오 콜로니,C,3,L,,Y,기술,deploy,12,,9,1,0.25,1,,,40,0,14,1,13.5,,토템,0.5,10,,,Y
C:EXT_STRUCT:beacon,펄서 비콘,C,3,L,,Y,기술,deploy,12,,9,1,0.25,1,,,40,0,14,1,30.2,burn:3,토템,0.5,10,,,Y
C:EXT_STRUCT:auroraCurtain,오로라 커튼,C,4,L,,Y,방어,shield,,,,1,0.1,0.6,,,,0,12,0.7,30.4,,,,5,50,5,
C:EXT_STRUCT:auroraAltar,오로라 제단,C,5,L,,Y,방어,shield,,,,1,0.1,0.6,,,,0,12,0.8,33.1,,,,5,50,5,
C:EXT_STRUCT:organ,공명 오르간,C,3,L,,Y,기술,deploy,12,,9,1,0.25,1,,,40,0.7,14,1.7,10.5,,토템,0.5,10,,,Y
FX-01,결정 천사·옥타테서랙트,FX,2,L,대,Y,기술,zone,11,0.36,20,1,0.2,0.1,,,50,0,9,0.1,30.6,,,,5,,,
FX-01,결정 천사·옥타테서랙트,FX,2,L,특대,,궁극,zone,15,0.49,45,1,0.6,0.1,,,50,0,게이지,0.1,30.6,,,,5,,,
AS-07,고전압 방전,FX,2,L,중,,기술,circle,8,0.47,75,1,0.2,0.3,,,50,0,6,0.3,17,expose:3,,,,,,
AS-07,고전압 방전,FX,2,L,대,Y,기술,circle,11,0.65,83,1,0.2,0.3,,,50,0,8,0.3,17,expose:3,,,,,,
AS-07,고전압 방전,FX,2,L,특대,,궁극,circle,15,0.88,245,1,0.6,0.3,,,50,0,게이지,0.3,17,expose:3,,,,,,
FX-138,공허 물질 붕괴,FX,2,L,소,,기본,circle,5,0.44,40,1,0.12,0.1,,,50,0,1.4,0.1,11.4,,,,,,,
FX-138,공허 물질 붕괴,FX,2,L,중,,기술,circle,8,0.7,75,1,0.2,0.1,,,50,0,6,0.1,11.4,,,,,,,
FX-138,공허 물질 붕괴,FX,2,L,대,Y,기술,circle,11,0.96,83,1,0.2,0.1,,,50,0,8,0.1,11.4,,,,,,,
FX-138,공허 물질 붕괴,FX,2,L,특대,,궁극,circle,15,1.32,245,1,0.6,0.1,,,50,0,게이지,0.1,11.4,,,,,,,
C:F_PROJ:myc,균사 네트워크,C,2,L,,Y,기본,projectile,4,,40,1,0.12,0.5,,,50,0,1.4,2.3,4,,,,,,,
FX-111,남옥 해사 와류,FX,2,M,중,,기술,zone,8,0.54,20,1,0.2,0.2,,,50,0,9,0.2,14.7,slow:2,,,5,,,
FX-111,남옥 해사 와류,FX,2,M,대,Y,기술,zone,11,0.75,20,1,0.2,0.2,,,50,0,9,0.2,14.7,slow:2,,,5,,,
FX-111,남옥 해사 와류,FX,2,M,특대,,궁극,zone,15,1.02,45,1,0.6,0.2,,,50,0,게이지,0.2,14.7,slow:2,,,5,,,
VA:dueoksini_gaze,두억시니 · 보이지 않는 거대함,VA,,L,대,,기술,circle,11,0.51,83,1,0.2,1.35,,,50,1.95,8,3.3,21.7,,,,,,,
VA:dueoksini_gaze,두억시니 · 보이지 않는 거대함,VA,,L,특대,Y,궁극,circle,15,0.69,245,1,0.6,2.05,,,50,1.25,게이지,3.3,21.7,,,,,,,
FX-03,디지털 글리치,FX,2,L,대,Y,기술,zone,11,0.37,20,1,0.2,0.1,,,50,0,9,0.1,29.6,,,,5,,,
FX-03,디지털 글리치,FX,2,L,특대,,궁극,zone,15,0.51,45,1,0.6,0.1,,,50,0,게이지,0.1,29.6,,,,5,,,
C:SF_PROJ:mgt,마그네타 링,C,2,L,,Y,기술,projectile,7,,73,1,0.2,0.6,,,50,0,6,2.3,7,burn:3,,,,,,
C:F_PROJ:wnd,바람,C,2,L,,Y,기본,projectile,6,,40,1,0.12,0.5,,,50,0,1.4,2.3,6,knock:10,,,,,,
C:F_PROJ:nbl,별탄생,C,2,L,,Y,기본,projectile,6,,40,1,0.12,0.5,,,50,0,1.4,2.3,6,burn:3,,,,,,
FX-89,보랏빛 공허폭발,FX,2,M,중,,기술,circle,8,0.53,75,1,0.2,1,,,50,0.6,6,1.6,15.1,,,,,,,
FX-89,보랏빛 공허폭발,FX,2,M,대,Y,기술,circle,11,0.73,83,1,0.2,1,,,50,0.6,8,1.6,15.1,,,,,,,
FX-89,보랏빛 공허폭발,FX,2,M,특대,,궁극,circle,15,0.99,245,1,0.6,1.6,,,50,0,게이지,1.6,15.1,,,,,,,
C:F_PROJ:prism,분광 결정창,C,2,M,,Y,기본,projectile,4,,40,1,0.12,0.5,,,50,0,1.4,2.3,4,,,,,,,
C:F_PROJ:fir,불꽃,C,2,L,,Y,기본,projectile,6,,40,1,0.12,0.5,,,50,0,1.4,2.3,6,burn:3,,,,,,
C:F_PROJ:arc,비전,C,2,L,,Y,기본,projectile,6,,40,1,0.12,0.5,,,50,0,1.4,2.3,6,,,,,,,
FX-05,사건지평선,FX,2,M,중,,기술,zone,8,0.44,20,1,0.2,0.1,,,50,0,9,0.1,18.1,knock:12,,,5,,,
FX-05,사건지평선,FX,2,M,대,Y,기술,zone,11,0.61,20,1,0.2,0.1,,,50,0,9,0.1,18.1,knock:12,,,5,,,
FX-05,사건지평선,FX,2,M,특대,,궁극,zone,15,0.83,45,1,0.6,0.1,,,50,0,게이지,0.1,18.1,knock:12,,,5,,,
FX-156,세라프의 빛창 강림,FX,,M,중,,기술,circle,8,0.53,75,1,0.2,0.6,,,50,0,6,0.6,15.2,,,,,,,
FX-156,세라프의 빛창 강림,FX,,M,대,Y,기술,circle,11,0.72,83,1,0.2,0.6,,,50,0,8,0.6,15.2,,,,,,,
FX-156,세라프의 빛창 강림,FX,,M,특대,,궁극,circle,15,0.99,245,1,0.6,0.6,,,50,0,게이지,0.6,15.2,,,,,,,
V5-02,셀룰러 오토마타,FX,2,L,소,,기술,zone,5,0.68,20,1,0.2,0.1,,,50,0,9,0.1,7.3,,,,4.3,,,
V5-02,셀룰러 오토마타,FX,2,L,중,Y,기술,zone,8,1.1,20,1,0.2,0.1,,,50,0,9,0.1,7.3,,,,4.3,,,
V5-02,셀룰러 오토마타,FX,2,L,대,,기술,zone,11,1.51,20,1,0.2,0.1,,,50,0,9,0.1,7.3,,,,4.3,,,
C:F_PROJ:snc,소닉붐,C,2,L,,Y,기본,projectile,6,,40,1,0.12,0.5,,,50,0,1.4,2.3,6,knock:10,,,,,,
GS-mortar,소이박격 · GS,GS,,L,대,Y,기술,circle,11.1,1,83,1,0.2,1,,,50,0.3,8,1.3,11.1,,,,,,,
C:F_PROJ:tim,시간,C,2,L,,Y,기본,projectile,6,,40,1,0.12,0.5,,,50,0,1.4,2.3,6,slow:3,,,,,,
NV-04,시간정지 구체,FX,2,L,소,Y,기술,zone,5,1.16,20,1,0.2,0.2,,,50,0,9,0.2,4.3,slow:3,,,2.5,,,
C:F_PROJ:verdant,신록탄,C,2,L,,Y,기본,projectile,4,,40,1,0.12,0.5,,,50,0,1.4,2.3,4,,,,,,,
C:F_PROJ:hol,신성,C,2,M,,Y,기본,projectile,6,,40,1,0.12,0.5,,,50,0,1.4,2.3,6,,,,,,,
AS-05,신성 시길 · 천구의 인장,FX,2,L,,Y,기술,deploy,9,0.38,0,1,0.25,0.5,,,40,0,12,0.5,10.05,,관문,0.5,10,,3,Y
NV-02,신성 심판 · 다섯 빛의 쐐기,FX,2,L,특대,Y,궁극,circle,15,0.45,245,1,0.6,1.2,,,50,0,게이지,1.2,33,,,,,,,
C:F_PROJ:voidweave,심연의 창,C,2,L,,Y,기본,projectile,4,,40,1,0.12,0.5,,,50,0,1.4,2.3,4,,,,,,,
NX-07,십자 뇌정 강타,FX,2,L,중,,기술,circle,8,0.52,75,1,0.2,0.4,,,50,0,6,0.4,15.3,expose:3,,,,,,
NX-07,십자 뇌정 강타,FX,2,L,대,Y,기술,circle,11,0.72,83,1,0.2,0.4,,,50,0,8,0.4,15.3,expose:3,,,,,,
NX-07,십자 뇌정 강타,FX,2,L,특대,,궁극,circle,15,0.98,245,1,0.6,0.4,,,50,0,게이지,0.4,15.3,expose:3,,,,,,
FX-26,쌍성 붕괴,FX,2,H,대,Y,기술,circle,11,0.43,83,1,0.2,1.05,,,50,0.35,8,1.4,25.4,knock:12,,,,,,
FX-26,쌍성 붕괴,FX,2,H,특대,,궁극,circle,15,0.59,245,1,0.6,1.4,,,50,0,게이지,1.4,25.4,knock:12,,,,,,
C:F_PROJ:ice,얼음,C,2,L,,Y,기본,projectile,6,,40,1,0.12,0.5,,,50,0,1.4,2.3,6,slow:3,,,,,,
ARC-05,에메랄드 회오리,FX,2,L,소,,기술,zone,5,0.62,20,1,0.2,0.1,,,50,0,9,0.1,8.1,knock:10,,,4.2,,,
ARC-05,에메랄드 회오리,FX,2,L,중,Y,기술,zone,8,0.99,20,1,0.2,0.1,,,50,0,9,0.1,8.1,knock:10,,,4.2,,,
ARC-05,에메랄드 회오리,FX,2,L,대,,기술,zone,11,1.36,20,1,0.2,0.1,,,50,0,9,0.1,8.1,knock:10,,,4.2,,,
C:F_PROJ:eth,에테르,C,2,L,,Y,기본,projectile,6,,40,1,0.12,0.5,,,50,0,1.4,2.3,6,,,,,,,
C:F_PROJ:entr,엔트로피 붕괴,C,2,L,,Y,기본,projectile,4,,40,1,0.12,0.5,,,50,0,1.4,2.3,4,,,,,,,
C:F_PROJ:sol,영혼,C,2,L,,Y,기본,projectile,6,,40,1,0.12,0.5,,,50,0,1.4,2.3,6,,,,,,,
C:F_PROJ:auro,오로라 플라즈마,C,2,L,,Y,기본,projectile,6,,40,1,0.12,0.5,,,50,0,1.4,2.3,6,burn:3,,,,,,
FX-02,옵시디언 테서랙트,FX,2,L,특대,Y,궁극,zone,15,0.44,45,1,0.6,0.1,,,50,0,게이지,0.1,34.1,,,,5,,,
C:F_PROJ:ifl,요격 파쇄탄,C,2,L,,Y,기본,projectile,6,,40,1,0.12,0.5,,,50,0,1.4,2.3,6,,,,,,,
C:F_PROJ:met,운석,C,2,L,,Y,기본,projectile,6,,40,1,0.12,0.5,,,50,0,1.4,2.3,6,,,,,,,
C:SF_PROJ:lun,월광 파편,C,2,L,,Y,기술,projectile,7,,73,1,0.2,0.6,,,50,0,6,2.3,7,,,,,,,
VA:lunar_rend,월영 삼련참 · 십자 절단,VA,,L,특대,Y,궁극,circle,15,0.67,245,1,0.6,1.8,,,50,0,게이지,1.8,22.4,,,,,,,
FX-99,유성우 탄막,FX,2,H,대,Y,기술,zone,11,0.44,20,1,0.2,0.5,,,50,0.4,9,0.9,25,,,,3.6,,,
FX-99,유성우 탄막,FX,2,H,특대,,궁극,zone,15,0.6,45,1,0.6,0.9,,,50,0,게이지,0.9,25,,,,3.6,,,
C:FB_PROJ:swm,은빛 군체,C,2,M,,Y,기술,projectile,8,,75,1,0.2,0.6,,,50,0,6,2.3,8,,,,,,,
FX-20,음파 코어,FX,2,L,중,,기술,zone,8,0.4,20,1,0.2,0.1,,,50,0,9,0.1,20,knock:10,,,4.3,,,
FX-20,음파 코어,FX,2,L,대,Y,기술,zone,11,0.55,20,1,0.2,0.1,,,50,0,9,0.1,20,knock:10,,,4.3,,,
FX-20,음파 코어,FX,2,L,특대,,궁극,zone,15,0.75,45,1,0.6,0.1,,,50,0,게이지,0.1,20,knock:10,,,4.3,,,
C:F_PROJ:helix,이중나선,C,2,L,,Y,기본,projectile,6,,40,1,0.12,0.5,,,50,0,1.4,2.3,6,,,,,,,
C:F_PROJ:res,자원,C,2,L,,Y,기본,projectile,6,,40,1,0.12,0.5,,,50,0,1.4,2.3,6,,,,,,,
C:F_PROJ:elc,전기,C,2,L,,Y,기본,projectile,6,,40,1,0.12,0.5,,,50,0,1.4,2.3,6,expose:3,,,,,,
INT-07,제네시스 · 빛의 분지,FX,2,L,,Y,기술,deploy,12,0.35,0,1,0.25,1,,,40,1,14,2,10.35,,방벽,0.5,10,60,,Y
NV-10,주전원 융합,FX,1,L,소,Y,기술,zone,5,0.86,20,1,0.2,0.1,,,50,0,9,0.1,5.8,,,,4.2,,,
NV-10,주전원 융합,FX,1,L,중,,기술,zone,8,1.38,20,1,0.2,0.1,,,50,0,9,0.1,5.8,,,,4.2,,,
C:F_PROJ:graviton,중력의 닻,C,2,L,,Y,기본,projectile,4,,40,1,0.12,0.5,,,50,0,1.4,2.3,4,knock:12,,,,,,
RJ:tectonic_fury,지각 분노 · 광맥 각성,RJ,,L,중,,기술,circle,8,0.57,75,1,0.2,1.05,,,50,0.35,6,1.4,14.1,knock:12,,,,,,
RJ:tectonic_fury,지각 분노 · 광맥 각성,RJ,,L,대,,기술,circle,11,0.78,83,1,0.2,1.05,,,50,0.35,8,1.4,14.1,knock:12,,,,,,
RJ:tectonic_fury,지각 분노 · 광맥 각성,RJ,,L,특대,Y,궁극,circle,15,1.06,245,1,0.6,1.4,,,50,0,게이지,1.4,14.1,knock:12,,,,,,
C:F_PROJ:dim,차원,C,2,L,,Y,기본,projectile,6,,40,1,0.12,0.5,,,50,0,1.4,2.3,6,,,,,,,
C:F_PROJ:quill,천상의 깃털,C,2,L,,Y,기본,projectile,4,,40,1,0.12,0.5,,,50,0,1.4,2.3,4,,,,,,,
FX-120,초월 광휘 각성,FX,2,L,,Y,방어,shield,,,,1,0.1,0.2,,,,0,12,0.1,32.7,,,,5,50,5,
NV-11,코일드 코일 궤도,FX,2,M,소,,기술,zone,5,0.35,20,1,0.2,0.1,,,50,0,9,0.1,14.4,knock:10,,,4.3,,,
NV-11,코일드 코일 궤도,FX,2,M,중,,기술,zone,8,0.56,20,1,0.2,0.1,,,50,0,9,0.1,14.4,knock:10,,,4.3,,,
NV-11,코일드 코일 궤도,FX,2,M,대,Y,기술,zone,11,0.76,20,1,0.2,0.1,,,50,0,9,0.1,14.4,knock:10,,,4.3,,,
NV-11,코일드 코일 궤도,FX,2,M,특대,,궁극,zone,15,1.04,45,1,0.6,0.1,,,50,0,게이지,0.1,14.4,knock:10,,,4.3,,,
C:SF_PROJ:qsr,퀘이사 랜스,C,2,M,,Y,기술,projectile,7,,73,1,0.2,0.6,,,50,0,6,2.3,7,burn:3,,,,,,
FX-07,클락워크,FX,2,L,중,,기술,zone,8,0.36,20,1,0.2,0.1,,,50,0,9,0.1,22.2,slow:3,,,5,,,
FX-07,클락워크,FX,2,L,대,Y,기술,zone,11,0.5,20,1,0.2,0.1,,,50,0,9,0.1,22.2,slow:3,,,5,,,
FX-07,클락워크,FX,2,L,특대,,궁극,zone,15,0.68,45,1,0.6,0.1,,,50,0,게이지,0.1,22.2,slow:3,,,5,,,
C:F_PROJ:tess,테서랙트,C,2,L,,Y,기본,projectile,4,,40,1,0.12,0.5,,,50,0,1.4,2.3,4,,,,,,,
FX-11,페로플루이드 · 자극과 응집,FX,2,L,소,,기본,circle,5,0.58,40,1,0.12,0.3,,,50,0,1.4,0.3,8.6,knock:12,,,,,,
FX-11,페로플루이드 · 자극과 응집,FX,2,L,중,Y,기술,circle,8,0.93,75,1,0.2,0.3,,,50,0,6,0.3,8.6,knock:12,,,,,,
FX-11,페로플루이드 · 자극과 응집,FX,2,L,대,,기술,circle,11,1.28,83,1,0.2,0.3,,,50,0,8,0.3,8.6,knock:12,,,,,,
C:SF_PROJ:frc,프랙탈 크리스탈,C,2,L,,Y,기술,projectile,7,,73,1,0.2,0.6,,,50,0,6,2.3,7,,,,,,,
C:F_PROJ:pla,플라즈마,C,2,L,,Y,기본,projectile,6,,40,1,0.12,0.5,,,50,0,1.4,2.3,6,burn:3,,,,,,
NV-05,플라즈마 펄스 링,FX,2,L,중,,기술,circle,8,0.53,75,1,0.2,1,,,50,0,6,1,15.2,burn:3,,,,,,
NV-05,플라즈마 펄스 링,FX,2,L,대,Y,기술,circle,11,0.72,83,1,0.2,1,,,50,0,8,1,15.2,burn:3,,,,,,
NV-05,플라즈마 펄스 링,FX,2,L,특대,,궁극,circle,15,0.99,245,1,0.6,1,,,50,0,게이지,1,15.2,burn:3,,,,,,
C:F_PROJ:solar,항성핵,C,2,L,,Y,기본,projectile,4,,40,1,0.12,0.5,,,50,0,1.4,2.3,4,burn:3,,,,,,
FX-153,행성 고리 섬멸 광선,FX,2,L,소,,기술,circle,5,0.66,68,1,0.2,1,,,50,1.4,6,2.4,7.6,,,,,,,
FX-153,행성 고리 섬멸 광선,FX,2,L,중,Y,기술,circle,8,1.05,75,1,0.2,1,,,50,1.4,6,2.4,7.6,,,,,,,
FX-153,행성 고리 섬멸 광선,FX,2,L,대,,기술,circle,11,1.45,83,1,0.2,1,,,50,1.4,8,2.4,7.6,,,,,,,
C:F_PROJ:chs,혼돈,C,2,L,,Y,기본,projectile,6,,40,1,0.12,0.5,,,50,0,1.4,2.3,6,,,,,,,
C:FB_STRUCT:willow,혼백 버드나무,C,2,L,,Y,기술,deploy,7,,9,1,0.25,0.8,,,40,0,14,0.8,4,,토템,0.5,10,,,Y
MC-05,황금폭풍 · 뇌전의 왕관,FX,2,L,특대,Y,궁극,circle,15,0.46,245,1,0.6,2.05,,,50,0.25,게이지,2.3,32.7,expose:3,,,,,,
D:PROJ:chain,연쇄 뇌창,D,4,L,,Y,기본,chain,,,40,1,0.12,0.17,,,60,0,1.2,0.17,,,,,,,,
RJ:raijin_descent,뇌신 강림,RJ,,H,,Y,궁극,circle,15,,220,1,0.6,2.6,,,50,0,게이지,2.6,,expose:4,,,,,,
ARC-01,낙뢰 창,FX,2,L,,Y,기술,circle,8,,65,1,0.18,0.6,,,55,1.1,7,0.6,,expose:2,,,,,,
C:FB_PROJ:koi,유수 잉어,C,4,M,,Y,기본,projectile,8,,45,1,0.12,1.1,,,70,0,1.8,1.1,,,,,,,,
D:ULT:zenith,백일염천,D,4,L,,Y,궁극,circle,14,,260,1,0.6,2.3,,,50,0,게이지,2.3,,burn:5,,,,,,
FX-33,홍련 참격,FX,2,L,,Y,기술,circle,10,,65,1,0.2,0.55,,,45,0,7,0.55,,burn:3,,,,,,
D:PROJ:fissure,지열 균열,D,3,M,,Y,기본,beam,7,,55,1,0.18,0.5,,,35,0,1.4,0.5,,knock:6,,,,,,
D:ULT:upheaval,대지 융기,D,5,L,,Y,궁극,circle,12,,200,1,0.6,0.6,,,45,0,게이지,0.6,,slow:3 knock:12,,,,,,
