id,momentaryDb,peakDb,proposedGainDb,note
AC-01,-24.1,-9.5,-0.5,
AC-02,-17.8,-4.9,-6.8,
ARC-01,-21.6,-3.1,-3.0,
ARC-02,-26.2,-9.8,1.6,
ARC-04,-16.5,-2.6,-8.1,
ARC-05,-26.5,-9.5,1.9,
ARC-06,-18.0,-2.1,-6.6,
ARC-07,-26.0,-7.6,1.4,
ARC-08,-34.7,-2.2,-0.8,
ARC-09,-32.5,-17.4,7.9,
ARC-21,-18.9,-3.4,-5.7,
ARC-22,-38.4,-22.5,12,clamped
ARC-23,-18.7,-2.2,-5.9,
ARC-24,-21.5,-7.7,-3.1,
ARC-25,-22.0,-2.5,-2.6,
ARC-26,-29.7,-14.2,5.1,
ARC-27,-25.0,-10.5,0.4,
ARC-32,-18.8,-3.9,-5.8,
AS-01,-18.7,-3.9,-5.9,
AS-02,-21.3,-5.9,-3.3,
AS-03,-30.4,-20.1,5.8,
AS-04,-34.3,-21.6,9.7,
AS-05,-35.3,-18.0,10.7,
AS-06,-29.4,-14.1,4.8,
AS-07,-26.5,-2.6,-0.4,
AS-08,-18.4,-1.6,-6.2,
AS-10,-17.3,-3.3,-7.3,
AS-11,-18.7,-3.0,-5.9,
C:EXT_PROJ:cluster,-29.4,-9.6,4.8,
C:EXT_PROJ:drill,-27.4,-11.5,2.8,
C:EXT_PROJ:prism,-36.1,-20.0,11.5,
C:EXT_PROJ:ribbon,-38.2,-16.2,12,clamped
C:EXT_PROJ:singularity,-23.1,-9.1,-1.5,
C:EXT_PROJ:split,-33.4,-15.5,8.8,
C:EXT_STRUCT:anchor,-22.2,-7.8,-2.4,
C:EXT_STRUCT:auroraAltar,-17.3,-9.3,-7.3,
C:EXT_STRUCT:auroraCurtain,-41.5,-25.9,12,clamped
C:EXT_STRUCT:beacon,-42.8,-22.5,12,clamped
C:EXT_STRUCT:bio,-35.2,-20.2,10.6,
C:EXT_STRUCT:chiral,-37.2,-19.8,12,clamped
C:EXT_STRUCT:graphene,-25.0,-14.4,0.4,
C:EXT_STRUCT:hologram,-42.5,-29.9,12,clamped
C:EXT_STRUCT:organ,-42.9,-22.8,12,clamped
C:EXT_STRUCT:reactor,-25.0,-11.6,0.4,
C:EXT_STRUCT:rift,-25.0,-12.9,0.4,
C:FB_PROJ:bel,-20.9,-7.7,-3.7,
C:FB_PROJ:eye,-26.0,-10.9,1.4,
C:FB_PROJ:koi,-36.0,-15.4,11.4,
C:FB_PROJ:ori,-37.5,-19.3,12,clamped
C:FB_PROJ:swm,-40.9,-19.3,12,clamped
C:FB_STRUCT:astro,-40.2,-24.3,12,clamped
C:FB_STRUCT:loom,-42.0,-24.4,12,clamped
C:FB_STRUCT:myco,-35.0,-19.8,10.4,
C:FB_STRUCT:organ,-36.2,-17.8,11.6,
C:FB_STRUCT:pagoda,-35.8,-20.7,11.2,
C:FB_STRUCT:willow,-45.6,-31.6,12,clamped
C:F_PROJ:arc,-21.8,-3.3,-2.8,
C:F_PROJ:auro,-17.5,-3.6,-7.1,
C:F_PROJ:chs,-18.2,-2.0,-6.4,
C:F_PROJ:dat,-23.6,-5.8,-1.0,
C:F_PROJ:dim,-15.9,-0.8,-8.7,
C:F_PROJ:elc,-16.8,-3.3,-7.8,
C:F_PROJ:entr,-18.0,-1.0,-6.6,
C:F_PROJ:eth,-18.5,-5.0,-6.1,
C:F_PROJ:fir,-17.7,-2.5,-6.9,
C:F_PROJ:frost,-21.3,-6.9,-3.3,
C:F_PROJ:gho,-17.2,-2.3,-7.4,
C:F_PROJ:graviton,-18.3,-4.1,-6.3,
C:F_PROJ:helix,-19.5,-2.6,-5.1,
C:F_PROJ:hol,-16.5,-2.2,-8.1,
C:F_PROJ:ice,-20.9,-3.9,-3.7,
C:F_PROJ:ifl,-16.8,0.3,-7.8,
C:F_PROJ:irn,-17.0,0.3,-7.6,
C:F_PROJ:lqm,-18.8,-2.0,-5.8,
C:F_PROJ:memo,-15.1,0.4,-9.5,
C:F_PROJ:met,-16.4,-1.6,-8.2,
C:F_PROJ:meteor,-15.9,-0.0,-8.7,
C:F_PROJ:mtx,-20.7,-3.4,-3.9,
C:F_PROJ:myc,-20.3,-6.5,-4.3,
C:F_PROJ:nbl,-120.0,-120.0,0,no audio measured
C:F_PROJ:pla,-18.6,-3.5,-6.0,
C:F_PROJ:prism,-19.7,-1.7,-4.9,
C:F_PROJ:qnt,-18.3,-0.2,-6.3,
C:F_PROJ:quill,-27.9,-12.1,3.3,
C:F_PROJ:res,-23.5,-6.7,-1.1,
C:F_PROJ:rft,-16.8,-3.2,-7.8,
C:F_PROJ:sing,-14.0,-0.1,-10.6,
C:F_PROJ:snc,-16.0,-0.1,-8.6,
C:F_PROJ:sol,-23.4,-9.0,-1.2,
C:F_PROJ:solar,-18.9,-4.6,-5.7,
C:F_PROJ:tess,-16.4,-0.8,-8.2,
C:F_PROJ:tim,-19.4,-3.2,-5.2,
C:F_PROJ:verdant,-23.0,-7.0,-1.6,
C:F_PROJ:voidweave,-19.9,-6.2,-4.7,
C:F_PROJ:wnd,-23.0,-5.8,-1.6,
C:F_STRUCT:bismuth,-39.1,-12.3,9.3,clamped
C:F_STRUCT:chain,-25.2,-8.6,0.6,
C:F_STRUCT:gateway,-25.0,-11.0,0.4,
C:F_STRUCT:icewall,-36.3,-19.1,11.7,
C:F_STRUCT:siphon,-22.9,-8.9,-1.7,
C:F_STRUCT:talisman,-25.1,-10.7,0.5,
C:F_STRUCT:tectonic,-21.9,-10.3,-2.7,
C:F_STRUCT:turret,-36.0,-11.9,8.9,
C:SF_PROJ:eco,-24.2,-6.0,-0.4,
C:SF_PROJ:frc,-19.8,-4.4,-4.8,
C:SF_PROJ:lun,-24.6,-11.2,0.0,
C:SF_PROJ:mgt,-21.6,-6.5,-3.0,
C:SF_PROJ:mtr,-18.5,-2.3,-6.1,
C:SF_PROJ:prs,-22.0,-5.2,-2.6,
C:SF_PROJ:qsr,-19.1,-5.0,-5.5,
C:SF_STRUCT:chr,-35.8,-18.8,11.2,
C:SF_STRUCT:hcb,-43.1,-29.1,12,clamped
C:SF_STRUCT:hlx,-34.7,-22.9,10.1,
C:SF_STRUCT:msd,-28.2,-10.2,3.6,
C:SF_STRUCT:nfn,-45.1,-31.4,12,clamped
C:SF_STRUCT:obl,-23.2,-9.0,-1.4,
C:SF_STRUCT:ora,-41.8,-27.9,12,clamped
C:SF_STRUCT:pct,-33.0,-17.4,8.4,
C:SF_STRUCT:shd,-32.9,-18.7,8.3,
C:SF_STRUCT:snt,-31.3,-12.5,6.7,
C:SF_STRUCT:tsl,-41.0,-23.6,12,clamped
CH:aurora,-27.2,-11.7,2.6,
CH:brimstone,-20.4,-6.3,-4.2,
CH:bubble,-22.5,-6.9,-2.1,
CH:cathedral,-25.2,-10.3,0.6,
CH:chladni,-21.7,-7.0,-2.9,
CH:chronos,-22.7,-7.1,-1.9,
CH:collapse,-21.3,-7.8,-3.3,
CH:comic,-18.7,-5.6,-5.9,
CH:coral,-21.2,-6.3,-3.4,
CH:crane,-22.8,-7.8,-1.8,
CH:dokkaebi,-20.1,-6.1,-4.5,
CH:emille,-20.0,-6.0,-4.6,
CH:ferro,-21.9,-6.8,-2.7,
CH:galaxy,-21.1,-8.2,-3.5,
CH:gaze,-18.9,-5.7,-5.7,
CH:glacier,-19.1,-6.2,-5.5,
CH:glitch,-19.2,-3.9,-5.4,
CH:jade,-24.2,-8.3,-0.4,
CH:kintsugi,-22.3,-6.2,-2.3,
CH:lazy,-21.0,-5.6,-3.6,
CH:leviathan,-22.3,-10.6,-2.3,
CH:loom,-19.9,-6.5,-4.7,
CH:manta,-19.4,-8.2,-5.2,
CH:marey,-21.2,-7.2,-3.4,
CH:matrix,-20.4,-6.6,-4.2,
CH:mycelium,-19.9,-7.8,-4.7,
CH:obang,-27.0,-10.0,2.4,
CH:opal,-23.7,-7.3,-0.9,
CH:prism,-22.3,-8.7,-2.3,
CH:prominence,-20.1,-6.1,-4.5,
CH:relay,-20.8,-7.3,-3.8,
CH:requiem,-20.1,-6.4,-4.5,
CH:rupture,-17.8,-7.3,-6.8,
CH:seraph,-22.2,-8.5,-2.4,
CH:solar,-21.9,-7.3,-2.7,
CH:spiral,-17.5,-6.9,-7.1,
CH:ssitgim,-22.7,-8.1,-1.9,
CH:storm,-19.2,-6.2,-5.4,
CH:tidal,-15.6,-5.8,-9.0,
CH:tomo,-18.7,-6.4,-5.9,
CH:twin,-20.8,-6.9,-3.8,
CH:void,-26.0,-12.3,1.4,
CH:voltspear,-18.7,-6.2,-5.9,
CURSE-01,-23.9,-11.6,-0.7,
D:PROJ:bagua,-35.5,-20.2,10.9,
D:PROJ:birdtrail,-32.1,-16.6,7.5,
D:PROJ:blink,-43.2,-25.2,12,clamped
D:PROJ:blizzard,-48.3,-22.4,12,clamped
D:PROJ:bubble,-28.9,-18.6,4.3,
D:PROJ:butterfly,-45.2,-25.1,12,clamped
D:PROJ:chain,-31.5,-16.2,6.9,
D:PROJ:cheoyong,-30.2,-14.2,5.6,
D:PROJ:chohon,-48.7,-34.1,12,clamped
D:PROJ:clonedagger,-33.7,-15.6,9.1,
D:PROJ:comet,-36.8,-22.9,12,clamped
D:PROJ:corallance,-38.4,-21.3,12,clamped
D:PROJ:crane,-44.9,-24.3,12,clamped
D:PROJ:crescent,-31.6,-17.5,7.0,
D:PROJ:curse,-26.1,-10.8,1.5,
D:PROJ:daebuk,-26.9,-10.6,2.3,
D:PROJ:diamondhail,-41.4,-18.2,12,clamped
D:PROJ:dragongate,-27.4,-11.5,2.8,
D:PROJ:echo,-31.2,-16.5,6.6,
D:PROJ:fissure,-26.7,-11.8,2.1,
D:PROJ:flamelance,-37.8,-18.5,12,clamped
D:PROJ:gayageum,-43.0,-23.4,12,clamped
D:PROJ:gearchain,-35.3,-20.0,10.7,
D:PROJ:genesis,-27.2,-10.7,2.6,
D:PROJ:glacier,-33.4,-11.7,8.7,
D:PROJ:guardian,-35.2,-20.4,10.6,
D:PROJ:hwau,-45.7,-21.7,12,clamped
D:PROJ:hyeonmu,-26.6,-11.6,2.0,
D:PROJ:ilseom,-46.8,-26.2,12,clamped
D:PROJ:ink,-38.1,-17.5,12,clamped
D:PROJ:jeonghwa,-31.9,-17.7,7.3,
D:PROJ:kintsugilance,-30.4,-10.4,5.8,
D:PROJ:knotlance,-29.9,-14.0,5.3,
D:PROJ:lance,-43.9,-26.8,12,clamped
D:PROJ:lantern,-28.0,-7.6,3.4,
D:PROJ:lavabolt,-35.5,-18.4,10.9,
D:PROJ:lightchain,-39.1,-25.6,12,clamped
D:PROJ:magnetar,-35.7,-14.5,11.1,
D:PROJ:moonarrow,-27.8,-12.5,3.2,
D:PROJ:nebula,-27.5,-12.5,2.9,
D:PROJ:nethermoth,-43.4,-27.0,12,clamped
D:PROJ:ohaeng,-42.7,-25.0,12,clamped
D:PROJ:orbitdiver,-30.7,-15.3,6.1,
D:PROJ:plague,-30.4,-15.4,5.8,
D:PROJ:prism,-32.8,-15.7,8.2,
D:PROJ:satellite,-32.6,-15.5,8.0,
D:PROJ:seoeung,-27.8,-13.2,3.2,
D:PROJ:singularity,-21.3,-11.0,-3.3,
D:PROJ:solar,-23.8,-9.7,-0.8,
D:PROJ:starrain,-42.5,-22.1,12,clamped
D:PROJ:talisbarrage,-28.0,-10.3,3.4,
D:PROJ:talisman,-43.6,-23.2,12,clamped
D:PROJ:thunder,-40.1,-17.4,12,clamped
D:PROJ:thunderstrike,-32.9,-14.5,8.3,
D:PROJ:tiger,-27.1,-11.1,2.5,
D:PROJ:torrent,-41.6,-25.1,12,clamped
D:PROJ:umbral,-25.4,-10.4,0.8,
D:PROJ:vortex,-30.2,-14.8,5.6,
D:PROJ:windchime,-27.9,-6.9,3.3,
D:PROJ:wisp,-39.7,-22.5,12,clamped
D:STRUCT:altar,-39.2,-24.6,12,clamped
D:STRUCT:belfry,-34.7,-21.0,10.1,
D:STRUCT:fountain,-33.6,-17.7,9.0,
D:STRUCT:lunar,-35.4,-20.9,10.8,
D:STRUCT:obelisk,-32.7,-12.2,8.1,
D:STRUCT:portal,-38.2,-23.5,12,clamped
D:STRUCT:pylon,-39.6,-21.2,12,clamped
D:STRUCT:sanctum,-37.0,-22.2,12,clamped
D:STRUCT:seokdeung,-37.0,-22.2,12,clamped
D:STRUCT:spire,-39.2,-24.6,12,clamped
D:STRUCT:tree,-35.4,-20.4,10.8,
D:STRUCT:ward,-25.7,-7.3,1.1,
D:ULT:agwisasal,-18.5,-5.7,-6.1,
D:ULT:aperture,-29.8,-10.0,5.2,
D:ULT:ascend,-26.7,-11.3,2.1,
D:ULT:binghwajin,-39.2,-19.7,12,clamped
D:ULT:blight,-30.6,-9.9,6.0,
D:ULT:bloom,-41.7,-25.1,12,clamped
D:ULT:boltstrike,-28.7,-9.2,4.1,
D:ULT:celestialdragon,-39.4,-22.7,12,clamped
D:ULT:chaoscore,-18.3,-5.8,-6.3,
D:ULT:cheonmyeong,-19.2,-6.3,-5.4,
D:ULT:chrono,-37.3,-22.7,12,clamped
D:ULT:communion,-38.5,-12.1,9.1,clamped
D:ULT:crystalcage,-27.6,-13.2,3.0,
D:ULT:cybereq,-21.8,-7.8,-2.8,
D:ULT:dokkaebibul,-31.6,-10.2,7.0,
D:ULT:eclipse,-32.8,-15.1,8.2,
D:ULT:firefly,-45.1,-28.8,12,clamped
D:ULT:fireworks,-36.0,-15.6,11.4,
D:ULT:galaxykoi,-31.4,-16.8,6.8,
D:ULT:galethunder,-32.6,-12.3,8.0,
D:ULT:genesis,-30.3,-7.4,4.4,
D:ULT:glasscore,-33.1,-12.4,8.5,
D:ULT:grandsummon,-16.2,-6.1,-8.4,
D:ULT:gravityflip,-25.2,-8.1,0.6,
D:ULT:gwigokseong,-37.5,-23.3,12,clamped
D:ULT:gyeonu,-39.8,-23.9,12,clamped
D:ULT:haetae,-24.9,-9.6,0.3,
D:ULT:horizon,-18.7,-7.3,-5.9,
D:ULT:inkfall,-28.0,-12.5,3.4,
D:ULT:issen,-26.1,-9.9,1.5,
D:ULT:judgment,-29.6,-12.3,5.0,
D:ULT:lotus,-23.6,-8.2,-1.0,
D:ULT:lotus_eclipse,-34.4,-8.9,5.9,
D:ULT:mandala,-36.4,-21.2,11.8,
D:ULT:meteor,-18.3,-5.1,-6.3,
D:ULT:mirror,-24.8,-7.5,0.2,
D:ULT:moltenblade,-30.6,-13.6,6.0,
D:ULT:moontwin,-34.6,-20.9,10.0,
D:ULT:mugeonbu,-22.2,-6.4,-2.4,
D:ULT:myeongjul,-43.9,-28.0,12,clamped
D:ULT:nightmare,-26.9,-12.0,2.3,
D:ULT:pentasigil,-53.4,-30.2,12,clamped
D:ULT:pungbaekusa,-30.5,-14.6,5.9,
D:ULT:reflux,-36.5,-24.8,11.9,
D:ULT:refract_eclipse,-44.6,-28.7,12,clamped
D:ULT:relicjade,-13.9,-6.0,-10.7,
D:ULT:resonance,-24.6,-8.6,0.0,
D:ULT:retrograde_eclipse,-44.4,-28.7,12,clamped
D:ULT:rift,-21.0,-8.3,-3.6,
D:ULT:rootascend,-30.4,-16.4,5.8,
D:ULT:shadowplay,-30.5,-17.2,5.9,
D:ULT:tapestry,-38.1,-23.9,12,clamped
D:ULT:thunder,-24.9,-7.5,0.3,
D:ULT:upheaval,-16.1,-5.2,-8.5,
D:ULT:void,-22.7,-6.4,-1.9,
D:ULT:waltz,-28.0,-12.4,3.4,
D:ULT:web,-37.6,-23.2,12,clamped
D:ULT:whale,-120.0,-120.0,0,no audio measured
D:ULT:yonggungmun,-31.6,-17.8,7.0,
D:ULT:zenith,-23.0,-11.4,-1.6,
D:ULT:zerodomain,-23.2,-7.8,-1.4,
FX-01,-21.3,-3.5,-3.3,
FX-02,-25.3,-7.8,0.7,
FX-03,-29.9,-8.2,5.2,
FX-04,-49.1,-28.7,12,clamped
FX-05,-15.4,-5.8,-9.2,
FX-06,-28.7,-14.4,4.1,
FX-07,-26.1,-13.0,1.5,
FX-08,-29.9,-15.7,5.3,
FX-09,-23.8,-8.6,-0.8,
FX-10,-15.6,-1.5,-9.0,
FX-10-C,-13.1,-1.5,-11.5,
FX-10-O,-30.7,-16.2,6.1,
FX-101,-25.1,-11.0,0.5,
FX-103,-16.7,-2.3,-7.9,
FX-104,-19.1,-7.7,-5.5,
FX-108,-26.1,-8.9,1.5,
FX-11,-29.8,-15.3,5.2,
FX-11-L,-22.7,-4.8,-1.9,
FX-110,-27.9,-6.4,3.3,
FX-111,-24.4,-10.5,-0.2,
FX-12,-24.5,-9.4,-0.1,
FX-120,-19.7,-2.8,-4.9,
FX-121,-39.2,-24.1,12,clamped
FX-122,-19.3,-7.0,-5.3,
FX-125,-13.1,-2.2,-11.5,
FX-126,-27.1,-12.4,2.5,
FX-13,-30.0,-15.9,5.4,
FX-130,-12.2,-1.7,-12,clamped
FX-138,-17.4,-3.3,-7.2,
FX-14,-24.6,-6.9,0.0,
FX-140,-21.5,-8.6,-3.1,
FX-141,-22.1,-9.0,-2.5,
FX-142,-26.9,-11.5,2.3,
FX-146,-29.0,-14.8,4.4,
FX-15,-16.6,-5.3,-8.0,
FX-150,-12.4,-2.5,-12,clamped
FX-151,-39.2,-22.8,12,clamped
FX-152,-28.4,-16.4,3.8,
FX-153,-20.7,-7.5,-3.9,
FX-154,-32.7,-19.1,8.1,
FX-155,-31.7,-14.4,7.1,
FX-156,-30.1,-15.0,5.5,
FX-157,-20.2,-6.5,-4.4,
FX-158,-23.7,-9.9,-0.9,
FX-159,-33.1,-15.6,8.5,
FX-16,-15.5,-2.6,-9.1,
FX-160,-24.1,-10.5,-0.5,
FX-161,-25.8,-9.9,1.2,
FX-17,-16.6,-5.4,-8.0,
FX-18,-18.1,-2.0,-6.5,
FX-20,-19.8,-2.4,-4.8,
FX-21,-32.1,-17.9,7.5,
FX-22,-33.0,-18.8,8.4,
FX-23,-16.3,-2.2,-8.3,
FX-25,-28.0,-10.1,3.4,
FX-26,-18.0,-1.8,-6.6,
FX-27,-17.9,-2.1,-6.7,
FX-28,-28.9,-8.9,4.3,
FX-29,-29.0,-7.7,4.4,
FX-30,-35.4,-16.0,10.8,
FX-30-L,-24.6,-8.8,0.0,
FX-33,-21.8,-1.9,-2.8,
FX-34,-28.3,-8.5,3.7,
FX-35,-16.8,-2.9,-7.8,
FX-88,-22.8,-8.4,-1.8,
FX-89,-25.1,-11.1,0.5,
FX-92,-21.1,-6.4,-3.5,
FX-99,-23.3,-6.9,-1.3,
GS-abyss,-20.1,-5.2,-4.5,
GS-aegis,-23.1,-7.9,-1.5,
GS-arsenal,-22.9,-4.5,-1.7,
GS-aurora,-34.0,-18.3,9.4,
GS-aurora9,-19.2,-5.1,-5.4,
GS-bell,-18.6,-4.8,-6.0,
GS-bloom,-22.9,-14.4,-1.7,
GS-cannon,-18.8,-2.6,-5.8,
GS-chrono,-20.3,-4.9,-4.3,
GS-dendrite,-22.9,-2.4,-1.7,
GS-digital,-38.4,-22.0,12,clamped
GS-dune,-27.2,-11.7,2.6,
GS-dynamite,-16.8,-3.6,-7.8,
GS-fan,-25.2,-5.6,0.6,
GS-ferro,-24.3,-7.8,-0.3,
GS-fractal,-31.5,-16.6,6.9,
GS-frost,-23.7,-2.8,-0.9,
GS-hammer,-17.3,-1.8,-7.3,
GS-helix,-32.5,-15.4,7.9,
GS-horizon,-18.3,-6.8,-6.3,
GS-ink,-21.1,-6.2,-3.5,
GS-judge,-19.1,-2.0,-5.5,
GS-lance,-18.1,-3.1,-6.5,
GS-meteor,-21.5,-6.9,-3.1,
GS-mirv,-30.9,-12.6,6.3,
GS-miura,-18.9,-3.3,-5.7,
GS-mortar,-18.8,-3.8,-5.8,
GS-murmur,-27.9,-7.0,3.3,
GS-mycel,-23.2,-5.7,-1.4,
GS-nanite,-23.8,-9.4,-0.8,
GS-nuke,-16.3,-2.5,-8.3,
GS-polytope,-30.0,-14.3,5.4,
GS-railgun,-18.2,-3.5,-6.4,
GS-requiem,-10.4,-1.6,-12,clamped
GS-rift,-13.5,-4.2,-11.1,
GS-rod,-15.7,-2.7,-8.9,
GS-sedov,-16.5,-2.2,-8.1,
GS-shuriken,-21.5,-4.0,-3.1,
GS-silk,-20.1,-4.6,-4.5,
GS-sonic,-17.6,-3.8,-7.0,
GS-spout,-17.4,-6.1,-7.2,
GS-talisman,-18.8,-3.9,-5.8,
GS-tempest,-30.5,-12.8,5.9,
GS-thermo,-15.9,-3.0,-8.7,
GS-tokamak,-23.0,-5.7,-1.6,
GS-tsunami,-17.2,-4.3,-7.4,
GS-vacuum,-15.6,-4.4,-9.0,
GS-vortexring,-17.7,-5.9,-6.9,
GS-web,-18.8,-4.8,-5.8,
INT-01,-27.3,-12.7,2.7,
INT-02,-22.1,-9.4,-2.5,
INT-03,-31.2,-12.4,6.6,
INT-03-G,-34.0,-17.3,9.4,
INT-04,-35.2,-17.8,10.6,
INT-05,-21.4,-10.0,-3.2,
INT-06,-25.4,-9.0,0.8,
INT-07,-35.9,-20.9,11.3,
INT-08,-31.5,-7.1,4.1,
INT-08-O,-31.6,-6.6,3.6,
INT-08-P,-34.9,-7.4,4.4,
INT-09,-20.7,-6.3,-3.9,
INT-10,-22.3,-6.6,-2.3,
MC-01,-26.0,-11.1,1.4,
MC-02,-20.8,-3.9,-3.8,
MC-03,-16.4,-6.7,-8.2,
MC-04,-22.9,-10.7,-1.7,
MC-05,-28.3,-2.3,-0.7,
MC-06,-25.1,-2.8,-0.2,
MYTH-01,-21.7,-8.2,-2.9,
NV-01,-35.3,-18.9,10.7,
NV-02,-31.2,-14.2,6.6,
NV-03,-26.1,-11.3,1.5,
NV-04,-23.8,-11.3,-0.8,
NV-05,-22.5,-9.2,-2.1,
NV-06,-33.5,-16.6,8.9,
NV-07,-24.1,-6.5,-0.5,
NV-08,-32.0,-17.7,7.4,
NV-08-L,-24.6,-2.1,-0.9,
NV-09,-20.4,-5.4,-4.2,
NV-10,-21.7,-10.1,-2.9,
NV-11,-26.6,-10.8,2.0,
NX-05,-26.6,-11.7,2.0,
NX-07,-19.3,-2.0,-5.3,
NX-08,-33.5,-16.4,8.9,
NX-10,-21.4,-6.4,-3.2,
RJ:abyssal_tide,-21.6,-8.4,-3.0,
RJ:bujeok_seal,-19.5,-2.5,-5.1,
RJ:chrono_stasis,-23.2,-5.4,-1.4,
RJ:crystal_bloom,-24.2,-5.4,-0.4,
RJ:data_rift,-20.6,-6.3,-4.0,
RJ:demon_gate,-24.8,-8.4,0.2,
RJ:domain_expansion,-19.8,-6.0,-4.8,
RJ:fujin_tempest,-31.2,-12.9,6.6,
RJ:holo_legion,-23.5,-7.7,-1.1,
RJ:ink_dragon,-22.4,-5.4,-2.2,
RJ:kernel_panic,-19.5,-5.9,-5.1,
RJ:mirror_wraith,-24.5,-9.9,-0.1,
RJ:phoenix_rebirth,-19.3,-5.3,-5.3,
RJ:raijin_descent,-23.1,-7.2,-1.5,
RJ:sand_colossus,-24.8,-9.1,0.2,
RJ:solar_flare,-18.1,-3.4,-6.5,
RJ:tectonic_fury,-20.1,-6.2,-4.5,
RJ:tesseract,-19.0,-6.3,-5.6,
RJ:void_singularity,-17.9,-3.2,-6.7,
SC-01,-16.0,-5.2,-8.6,
SC-02,-62.0,-40.5,12,clamped
SC-03,-24.7,-9.6,0.1,
SC-04,-20.5,-2.3,-4.1,
SC-05,-50.6,-25.6,12,clamped
V5-01,-31.1,-9.0,6.0,
V5-02,-26.1,-7.4,1.5,
V5-03,-26.3,-13.7,1.7,
V5-05,-32.7,-15.4,8.1,
V5-06,-33.4,-21.0,8.8,
V5-07,-26.8,-9.9,2.2,
V5-08,-39.3,-18.1,12,clamped
VA:arcane_seal,-22.5,-6.8,-2.1,
VA:astral_bloom,-19.9,-8.5,-4.7,
VA:combo_ladder,-22.0,-8.2,-2.6,
VA:crimson_maelstrom,-20.1,-7.7,-4.5,
VA:dueoksini_gaze,-23.2,-10.2,-1.4,
VA:galaxy_lance,-21.9,-7.9,-2.7,
VA:heavens_verdict,-20.9,-6.3,-3.7,
VA:kraken_reach,-20.2,-7.7,-4.4,
VA:lunar_rend,-20.9,-6.8,-3.7,
VA:marimba_steps,-25.4,-9.3,0.8,
VA:nine_tail_veil,-22.2,-8.5,-2.4,
VA:radiant_skyfall,-19.9,-6.2,-4.7,
VA:rime_bloom,-23.2,-7.9,-1.4,
VA:shatter_nova,-21.2,-7.3,-3.4,
VA:solar_corona,-21.3,-7.6,-3.3,
VA:soul_lantern,-23.2,-10.3,-1.4,
VA:violet_fault,-18.2,-6.7,-6.4,
VA:wraith_choir,-30.3,-16.0,5.7,
WTR-1,-37.8,-24.6,12,clamped
